Year,State,Zip Code,Count of Claimants
April-2024,AE,09096,1
April-2023,AK,99611,2
April-2024,AK,99901,1
April-2024,AL,35023,1
April-2024,AL,35080,1
April-2023,AL,35176,1
April-2023,AL,35216,1
April-2023,AL,35475,1
April-2023,AL,35803,1
April-2024,AL,35976,1
April-2023,AL,36116,1
April-2024,AL,36116,1
April-2023,AL,36502,1
April-2023,AL,36576,1
April-2024,AL,36605,1
April-2024,AL,36862,1
April-2023,AL,36879,1
April-2023,AP,96218,1
April-2024,AR,71801,1
April-2023,AR,72019,1
April-2023,AR,72390,1
April-2024,AR,72653,1
April-2023,AZ,85051,1
April-2023,AZ,85209,1
April-2023,AZ,85288,1
April-2024,AZ,85308,1
April-2023,AZ,85336,1
April-2023,AZ,85349,1
April-2024,AZ,85374,1
April-2024,AZ,85705,1
April-2024,AZ,85747,1
April-2024,AZ,85750,1
April-2023,CA,90005,1
April-2024,CA,90010,1
April-2023,CA,90017,1
April-2023,CA,90066,1
April-2023,CA,90405,1
April-2024,CA,90731,2
April-2023,CA,90815,1
April-2024,CA,91302,1
April-2024,CA,91325,1
April-2023,CA,91351,1
April-2023,CA,91405,1
April-2024,CA,92101,1
April-2024,CA,92109,1
April-2024,CA,92115,1
April-2024,CA,92124,1
April-2024,CA,92154,1
April-2024,CA,92252,1
April-2023,CA,92373,1
April-2023,CA,92392,1
April-2023,CA,92530,1
April-2024,CA,92532,1
April-2023,CA,92570,1
April-2023,CA,92637,2
April-2023,CA,92706,1
April-2024,CA,92821,1
April-2024,CA,93552,1
April-2024,CA,93555,1
April-2024,CA,93560,1
April-2023,CA,93618,2
April-2024,CA,93618,5
April-2024,CA,93619,1
April-2024,CA,94545,1
April-2024,CA,94566,1
April-2024,CA,94568,1
April-2023,CA,94588,1
April-2023,CA,94605,1
April-2024,CA,94611,1
April-2024,CA,95663,1
April-2024,CA,95758,1
April-2024,CA,95765,1
April-2024,CA,95826,1
April-2023,CO,80123,1
April-2023,CO,80238,1
April-2024,CO,80304,1
April-2024,CO,80521,1
April-2024,CO,80524,1
April-2024,CO,80919,1
April-2023,CT,06033,1
April-2024,CT,06119,1
April-2024,CT,06418,1
April-2023,CT,06484,1
April-2024,CT,06515,1
April-2024,CT,06905,1
April-2023,DC,20001,9
April-2024,DC,20001,11
April-2023,DC,20002,30
April-2024,DC,20002,46
April-2023,DC,20003,10
April-2024,DC,20003,14
April-2023,DC,20004,1
April-2024,DC,20004,1
April-2023,DC,20005,1
April-2024,DC,20005,3
April-2023,DC,20007,2
April-2024,DC,20007,4
April-2023,DC,20008,5
April-2024,DC,20008,10
April-2023,DC,20009,13
April-2024,DC,20009,17
April-2023,DC,20010,6
April-2024,DC,20010,16
April-2023,DC,20011,26
April-2024,DC,20011,35
April-2023,DC,20012,4
April-2024,DC,20012,4
April-2023,DC,20015,1
April-2024,DC,20015,3
April-2023,DC,20017,13
April-2024,DC,20017,8
April-2023,DC,20018,14
April-2024,DC,20018,14
April-2023,DC,20019,78
April-2024,DC,20019,62
April-2023,DC,20020,35
April-2024,DC,20020,40
April-2023,DC,20024,9
April-2024,DC,20024,10
April-2023,DC,20032,34
April-2024,DC,20032,42
April-2024,DC,20036,3
April-2023,DC,20037,2
April-2024,DC,20037,2
April-2023,DE,11956,1
April-2023,DE,19701,2
April-2024,DE,19701,6
April-2023,DE,19702,5
April-2024,DE,19702,12
April-2023,DE,19706,1
April-2023,DE,19707,2
April-2023,DE,19709,4
April-2024,DE,19709,12
April-2023,DE,19711,3
April-2024,DE,19711,4
April-2023,DE,19713,9
April-2024,DE,19713,5
April-2024,DE,19714,1
April-2023,DE,19720,7
April-2024,DE,19720,5
April-2023,DE,19730,1
April-2023,DE,19734,3
April-2024,DE,19734,2
April-2023,DE,19801,1
April-2024,DE,19801,2
April-2023,DE,19803,1
April-2024,DE,19803,1
April-2023,DE,19805,2
April-2024,DE,19805,3
April-2023,DE,19808,2
April-2024,DE,19808,2
April-2023,DE,19809,2
April-2023,DE,19810,1
April-2024,DE,19810,1
April-2023,DE,19901,5
April-2024,DE,19901,6
April-2023,DE,19904,4
April-2024,DE,19904,8
April-2023,DE,19931,1
April-2023,DE,19933,1
April-2024,DE,19933,4
April-2023,DE,19934,1
April-2024,DE,19934,2
April-2023,DE,19938,2
April-2024,DE,19938,4
April-2023,DE,19939,7
April-2024,DE,19939,3
April-2023,DE,19940,11
April-2024,DE,19940,10
April-2023,DE,19943,2
April-2024,DE,19943,2
April-2024,DE,19944,1
April-2023,DE,19945,15
April-2024,DE,19945,13
April-2024,DE,19946,2
April-2023,DE,19947,1
April-2024,DE,19947,2
April-2023,DE,19950,3
April-2024,DE,19950,1
April-2023,DE,19952,3
April-2024,DE,19952,3
April-2023,DE,19953,1
April-2024,DE,19953,2
April-2023,DE,19954,1
April-2023,DE,19956,15
April-2024,DE,19956,21
April-2023,DE,19958,3
April-2023,DE,19962,2
April-2024,DE,19962,4
April-2023,DE,19963,1
April-2024,DE,19963,3
April-2023,DE,19964,2
April-2024,DE,19964,1
April-2023,DE,19966,15
April-2024,DE,19966,16
April-2023,DE,19967,2
April-2024,DE,19968,1
April-2023,DE,19970,6
April-2024,DE,19970,2
April-2023,DE,19971,2
April-2024,DE,19971,1
April-2023,DE,19973,19
April-2024,DE,19973,17
April-2023,DE,19975,30
April-2024,DE,19975,43
April-2023,DE,19977,2
April-2024,DE,19977,2
April-2024,DE,19979,1
April-2023,FL,32003,1
April-2024,FL,32043,1
April-2023,FL,32068,1
April-2024,FL,32073,3
April-2024,FL,32084,1
April-2024,FL,32117,1
April-2024,FL,32124,1
April-2024,FL,32137,1
April-2023,FL,32162,1
April-2023,FL,32163,2
April-2024,FL,32163,2
April-2023,FL,32174,1
April-2024,FL,32174,1
April-2023,FL,32206,1
April-2024,FL,32208,1
April-2024,FL,32209,2
April-2023,FL,32210,1
April-2024,FL,32210,1
April-2024,FL,32211,1
April-2024,FL,32256,1
April-2024,FL,32257,2
April-2023,FL,32277,1
April-2023,FL,32309,1
April-2024,FL,32348,1
April-2024,FL,32404,1
April-2024,FL,32413,1
April-2024,FL,32459,1
April-2023,FL,32514,1
April-2023,FL,32536,1
April-2024,FL,32566,1
April-2024,FL,32570,1
April-2023,FL,32571,1
April-2023,FL,32578,1
April-2024,FL,32578,1
April-2023,FL,32738,1
April-2023,FL,32746,1
April-2024,FL,32750,2
April-2024,FL,32803,1
April-2023,FL,32808,1
April-2024,FL,32809,1
April-2023,FL,32822,1
April-2024,FL,32907,3
April-2024,FL,32908,1
April-2024,FL,32909,1
April-2023,FL,32937,1
April-2024,FL,32940,1
April-2024,FL,32955,1
April-2024,FL,33009,1
April-2024,FL,33025,1
April-2024,FL,33026,1
April-2024,FL,33062,1
April-2024,FL,33134,1
April-2024,FL,33139,1
April-2024,FL,33147,1
April-2023,FL,33193,1
April-2023,FL,33311,2
April-2024,FL,33316,1
April-2023,FL,33323,1
April-2023,FL,33326,1
April-2024,FL,33433,1
April-2023,FL,33470,1
April-2024,FL,33511,1
April-2023,FL,33540,1
April-2023,FL,33543,1
April-2024,FL,33544,1
April-2024,FL,33547,1
April-2023,FL,33578,2
April-2023,FL,33596,1
April-2024,FL,33596,1
April-2024,FL,33625,1
April-2023,FL,33647,1
April-2023,FL,33759,1
April-2023,FL,33825,1
April-2024,FL,33830,1
April-2024,FL,33843,1
April-2023,FL,33844,1
April-2023,FL,33860,1
April-2024,FL,33880,1
April-2023,FL,33881,1
April-2024,FL,33903,1
April-2023,FL,33908,1
April-2023,FL,33913,1
April-2024,FL,33914,1
April-2023,FL,33928,1
April-2023,FL,33993,1
April-2024,FL,34120,1
April-2023,FL,34209,2
April-2023,FL,34219,1
April-2023,FL,34243,1
April-2024,FL,34243,1
April-2024,FL,34285,1
April-2023,FL,34292,1
April-2023,FL,34433,1
April-2023,FL,34465,1
April-2024,FL,34480,1
April-2023,FL,34481,1
April-2024,FL,34601,1
April-2023,FL,34638,1
April-2024,FL,34638,1
April-2024,FL,34654,2
April-2024,FL,34655,1
April-2024,FL,34668,1
April-2024,FL,34748,1
April-2023,FL,34758,1
April-2024,FL,34758,1
April-2023,FL,34761,1
April-2024,FL,34772,1
April-2024,FL,34952,1
April-2023,FL,34987,1
April-2024,FL,34987,1
April-2023,GA,30016,2
April-2024,GA,30016,1
April-2024,GA,30022,2
April-2023,GA,30028,1
April-2023,GA,30046,1
April-2024,GA,30052,1
April-2023,GA,30055,1
April-2023,GA,30058,1
April-2023,GA,30064,1
April-2024,GA,30082,1
April-2023,GA,30083,1
April-2023,GA,30084,1
April-2024,GA,30084,1
April-2024,GA,30088,1
April-2023,GA,30096,1
April-2023,GA,30127,1
April-2023,GA,30135,1
April-2024,GA,30144,1
April-2023,GA,30180,1
April-2024,GA,30180,2
April-2023,GA,30188,1
April-2023,GA,30189,1
April-2024,GA,30228,2
April-2024,GA,30238,1
April-2023,GA,30248,1
April-2023,GA,30252,2
April-2024,GA,30252,2
April-2024,GA,30253,1
April-2023,GA,30305,1
April-2023,GA,30316,2
April-2024,GA,30318,1
April-2024,GA,30324,1
April-2023,GA,30326,1
April-2023,GA,30345,1
April-2023,GA,30349,1
April-2023,GA,30467,1
April-2023,GA,30606,1
April-2024,GA,30809,1
April-2023,GA,30906,1
April-2023,GA,30907,1
April-2023,GA,30909,1
April-2024,GA,31021,1
April-2023,GA,31088,1
April-2024,GA,31093,1
April-2024,GA,31401,1
April-2023,GA,31501,1
April-2024,GA,31545,1
April-2023,GA,31548,1
April-2023,GA,31721,1
April-2024,GA,31804,1
April-2023,HI,96701,1
April-2023,HI,96706,1
April-2023,HI,96734,1
April-2023,HI,96797,1
April-2024,HI,96797,2
April-2024,IA,52803,1
April-2024,ID,83607,1
April-2024,IL,60160,1
April-2024,IL,60188,1
April-2024,IL,60504,1
April-2024,IL,60515,1
April-2024,IL,60526,1
April-2024,IL,60555,1
April-2024,IL,60607,1
April-2024,IL,60615,2
April-2024,IL,60624,1
April-2023,IL,60633,1
April-2023,IL,61109,1
April-2023,IL,61301,1
April-2023,IL,61834,1
April-2024,IN,46227,1
April-2024,IN,46304,1
April-2024,IN,46703,1
April-2024,IN,47906,1
April-2024,KS,66211,1
April-2023,KS,67460,1
April-2023,LA,70364,1
April-2023,LA,70394,1
April-2024,LA,70506,1
April-2023,LA,70529,1
April-2024,LA,70611,1
April-2023,LA,70769,1
April-2023,LA,70815,1
April-2024,LA,70816,1
April-2024,LA,71001,1
April-2023,LA,71111,1
April-2023,LA,71263,1
April-2024,LA,71263,1
April-2023,LA,71433,2
April-2024,LA,71433,1
April-2024,MA,01073,1
April-2023,MA,01569,1
April-2024,MA,01609,1
April-2023,MA,01908,1
April-2024,MA,02050,1
April-2023,MA,02132,1
April-2023,MA,02170,1
April-2024,MA,02332,1
April-2024,MA,02343,1
April-2023,MA,02360,2
April-2023,MA,21655,1
April-2023,MD,04702,1
April-2023,MD,17331,1
April-2023,MD,20003,1
April-2023,MD,20065,1
April-2024,MD,20074,1
April-2023,MD,20142,1
April-2023,MD,20148,1
April-2024,MD,20208,1
April-2024,MD,20273,1
April-2023,MD,20601,67
April-2024,MD,20601,97
April-2023,MD,20602,83
April-2024,MD,20602,85
April-2023,MD,20603,81
April-2024,MD,20603,86
April-2024,MD,20606,1
April-2023,MD,20607,34
April-2024,MD,20607,31
April-2023,MD,20608,3
April-2024,MD,20608,3
April-2023,MD,20609,4
April-2024,MD,20609,2
April-2023,MD,20611,2
April-2024,MD,20611,3
April-2023,MD,20612,1
April-2023,MD,20613,24
April-2024,MD,20613,43
April-2023,MD,20615,3
April-2024,MD,20615,4
April-2023,MD,20616,26
April-2024,MD,20616,24
April-2023,MD,20617,3
April-2024,MD,20617,5
April-2023,MD,20618,3
April-2024,MD,20618,2
April-2023,MD,20619,19
April-2024,MD,20619,31
April-2023,MD,20620,3
April-2024,MD,20620,1
April-2023,MD,20621,3
April-2023,MD,20622,8
April-2024,MD,20622,13
April-2023,MD,20623,11
April-2024,MD,20623,6
April-2023,MD,20624,3
April-2024,MD,20624,5
April-2023,MD,20625,4
April-2024,MD,20625,3
April-2024,MD,20629,1
April-2023,MD,20630,1
April-2024,MD,20630,1
April-2024,MD,20632,1
April-2023,MD,20634,22
April-2024,MD,20634,19
April-2023,MD,20636,19
April-2024,MD,20636,13
April-2023,MD,20637,8
April-2024,MD,20637,10
April-2023,MD,20639,30
April-2024,MD,20639,39
April-2023,MD,20640,40
April-2024,MD,20640,43
April-2023,MD,20645,1
April-2024,MD,20645,3
April-2023,MD,20646,41
April-2024,MD,20646,49
April-2023,MD,20650,14
April-2024,MD,20650,20
April-2023,MD,20653,83
April-2024,MD,20653,75
April-2023,MD,20656,1
April-2023,MD,20657,82
April-2024,MD,20657,60
April-2023,MD,20658,1
April-2024,MD,20658,2
April-2023,MD,20659,62
April-2024,MD,20659,80
April-2023,MD,20662,12
April-2024,MD,20662,15
April-2023,MD,20664,19
April-2024,MD,20664,14
April-2024,MD,20670,1
April-2023,MD,20674,2
April-2024,MD,20674,2
April-2023,MD,20675,1
April-2024,MD,20675,4
April-2023,MD,20676,8
April-2024,MD,20676,11
April-2023,MD,20677,12
April-2024,MD,20677,8
April-2023,MD,20678,35
April-2024,MD,20678,44
April-2023,MD,20680,1
April-2024,MD,20680,5
April-2023,MD,20684,3
April-2024,MD,20684,3
April-2023,MD,20685,13
April-2024,MD,20685,20
April-2024,MD,20687,2
April-2023,MD,20688,8
April-2024,MD,20688,9
April-2023,MD,20689,1
April-2024,MD,20689,2
April-2023,MD,20690,1
April-2024,MD,20690,2
April-2023,MD,20692,5
April-2024,MD,20692,3
April-2023,MD,20693,1
April-2024,MD,20693,1
April-2023,MD,20695,36
April-2024,MD,20695,39
April-2023,MD,20701,1
April-2024,MD,20701,4
April-2024,MD,20702,1
April-2023,MD,20705,59
April-2024,MD,20705,71
April-2023,MD,20706,106
April-2024,MD,20706,119
April-2023,MD,20707,100
April-2024,MD,20707,135
April-2023,MD,20708,93
April-2024,MD,20708,85
April-2023,MD,20709,1
April-2023,MD,20710,20
April-2024,MD,20710,15
April-2023,MD,20711,14
April-2024,MD,20711,17
April-2023,MD,20712,11
April-2024,MD,20712,17
April-2024,MD,20713,1
April-2023,MD,20714,15
April-2024,MD,20714,16
April-2023,MD,20715,39
April-2024,MD,20715,64
April-2023,MD,20716,58
April-2024,MD,20716,55
April-2023,MD,20720,63
April-2024,MD,20720,84
April-2023,MD,20721,65
April-2024,MD,20721,69
April-2023,MD,20722,10
April-2024,MD,20722,8
April-2023,MD,20723,77
April-2024,MD,20723,94
April-2023,MD,20724,55
April-2024,MD,20724,60
April-2023,MD,20725,1
April-2023,MD,20732,21
April-2024,MD,20732,24
April-2023,MD,20733,7
April-2024,MD,20733,9
April-2023,MD,20735,82
April-2024,MD,20735,110
April-2023,MD,20736,9
April-2024,MD,20736,8
April-2023,MD,20737,43
April-2024,MD,20737,41
April-2023,MD,20740,40
April-2024,MD,20740,58
April-2023,MD,20741,1
April-2023,MD,20743,99
April-2024,MD,20743,120
April-2023,MD,20744,100
April-2024,MD,20744,113
April-2023,MD,20745,63
April-2024,MD,20745,91
April-2023,MD,20746,95
April-2024,MD,20746,110
April-2023,MD,20747,126
April-2024,MD,20747,133
April-2023,MD,20748,104
April-2024,MD,20748,98
April-2023,MD,20751,3
April-2024,MD,20751,3
April-2023,MD,20754,15
April-2024,MD,20754,16
April-2023,MD,20755,2
April-2024,MD,20755,8
April-2023,MD,20758,5
April-2024,MD,20758,1
April-2023,MD,20759,9
April-2024,MD,20759,5
April-2023,MD,20762,1
April-2024,MD,20762,1
April-2023,MD,20763,5
April-2024,MD,20763,5
April-2023,MD,20764,17
April-2024,MD,20764,19
April-2023,MD,20765,2
April-2024,MD,20765,1
April-2023,MD,20769,14
April-2024,MD,20769,13
April-2023,MD,20770,68
April-2024,MD,20770,79
April-2023,MD,20772,109
April-2024,MD,20772,135
April-2023,MD,20774,123
April-2024,MD,20774,137
April-2023,MD,20776,4
April-2024,MD,20776,7
April-2023,MD,20777,7
April-2024,MD,20777,8
April-2023,MD,20778,5
April-2024,MD,20778,4
April-2023,MD,20779,2
April-2024,MD,20779,3
April-2023,MD,20781,18
April-2024,MD,20781,16
April-2023,MD,20782,47
April-2024,MD,20782,60
April-2023,MD,20783,58
April-2024,MD,20783,71
April-2023,MD,20784,66
April-2024,MD,20784,63
April-2023,MD,20785,110
April-2024,MD,20785,124
April-2024,MD,20792,1
April-2023,MD,20794,25
April-2024,MD,20794,38
April-2023,MD,20814,25
April-2024,MD,20814,46
April-2023,MD,20815,26
April-2024,MD,20815,26
April-2023,MD,20816,6
April-2024,MD,20816,9
April-2023,MD,20817,26
April-2024,MD,20817,48
April-2023,MD,20818,2
April-2024,MD,20818,4
April-2023,MD,20832,29
April-2024,MD,20832,46
April-2023,MD,20833,8
April-2024,MD,20833,8
April-2023,MD,20837,10
April-2024,MD,20837,16
April-2024,MD,20839,1
April-2023,MD,20841,25
April-2024,MD,20841,27
April-2023,MD,20842,2
April-2024,MD,20842,2
April-2023,MD,20849,1
April-2023,MD,20850,93
April-2024,MD,20850,125
April-2023,MD,20851,25
April-2024,MD,20851,32
April-2023,MD,20852,74
April-2024,MD,20852,84
April-2023,MD,20853,29
April-2024,MD,20853,46
April-2023,MD,20854,30
April-2024,MD,20854,68
April-2023,MD,20855,29
April-2024,MD,20855,36
April-2023,MD,20859,1
April-2023,MD,20860,1
April-2024,MD,20860,5
April-2023,MD,20861,5
April-2024,MD,20861,7
April-2024,MD,20862,1
April-2023,MD,20866,32
April-2024,MD,20866,43
April-2023,MD,20868,3
April-2024,MD,20868,2
April-2023,MD,20871,47
April-2024,MD,20871,77
April-2023,MD,20872,19
April-2024,MD,20872,30
April-2023,MD,20874,151
April-2024,MD,20874,187
April-2023,MD,20875,1
April-2023,MD,20876,52
April-2024,MD,20876,66
April-2023,MD,20877,63
April-2024,MD,20877,87
April-2023,MD,20878,121
April-2024,MD,20878,166
April-2023,MD,20879,39
April-2024,MD,20879,59
April-2023,MD,20882,18
April-2024,MD,20882,14
April-2023,MD,20883,1
April-2023,MD,20885,1
April-2023,MD,20886,84
April-2024,MD,20886,83
April-2023,MD,20895,21
April-2024,MD,20895,27
April-2024,MD,20896,1
April-2023,MD,20898,1
April-2023,MD,20901,59
April-2024,MD,20901,52
April-2023,MD,20902,74
April-2024,MD,20902,89
April-2023,MD,20903,38
April-2024,MD,20903,28
April-2023,MD,20904,136
April-2024,MD,20904,120
April-2023,MD,20905,33
April-2024,MD,20905,26
April-2023,MD,20906,97
April-2024,MD,20906,132
April-2024,MD,20907,1
April-2023,MD,20910,84
April-2024,MD,20910,90
April-2023,MD,20912,32
April-2024,MD,20912,44
April-2024,MD,20916,1
April-2023,MD,21001,95
April-2024,MD,21001,124
April-2023,MD,21005,1
April-2024,MD,21005,2
April-2023,MD,21009,89
April-2024,MD,21009,113
April-2023,MD,21012,34
April-2024,MD,21012,29
April-2023,MD,21013,10
April-2024,MD,21013,15
April-2023,MD,21014,93
April-2024,MD,21014,102
April-2023,MD,21015,87
April-2024,MD,21015,86
April-2023,MD,21017,29
April-2024,MD,21017,30
April-2024,MD,21022,1
April-2023,MD,21028,7
April-2024,MD,21028,11
April-2023,MD,21029,12
April-2024,MD,21029,17
April-2023,MD,21030,63
April-2024,MD,21030,74
April-2023,MD,21032,11
April-2024,MD,21032,17
April-2023,MD,21034,17
April-2024,MD,21034,13
April-2023,MD,21035,14
April-2024,MD,21035,17
April-2023,MD,21036,4
April-2024,MD,21036,3
April-2023,MD,21037,45
April-2024,MD,21037,39
April-2023,MD,21040,116
April-2024,MD,21040,141
April-2023,MD,21042,47
April-2024,MD,21042,77
April-2023,MD,21043,59
April-2024,MD,21043,117
April-2023,MD,21044,91
April-2024,MD,21044,142
April-2023,MD,21045,113
April-2024,MD,21045,114
April-2023,MD,21046,39
April-2024,MD,21046,45
April-2023,MD,21047,24
April-2024,MD,21047,31
April-2023,MD,21048,15
April-2024,MD,21048,14
April-2023,MD,21050,41
April-2024,MD,21050,41
April-2023,MD,21051,2
April-2023,MD,21052,1
April-2024,MD,21052,3
April-2023,MD,21053,8
April-2024,MD,21053,9
April-2023,MD,21054,20
April-2024,MD,21054,32
April-2023,MD,21056,1
April-2023,MD,21057,7
April-2024,MD,21057,9
April-2023,MD,21060,146
April-2024,MD,21060,192
April-2023,MD,21061,202
April-2024,MD,21061,199
April-2023,MD,21071,2
April-2024,MD,21071,3
April-2023,MD,21072,1
April-2023,MD,21074,34
April-2024,MD,21074,31
April-2023,MD,21075,87
April-2024,MD,21075,108
April-2023,MD,21076,68
April-2024,MD,21076,77
April-2023,MD,21077,1
April-2023,MD,21078,75
April-2024,MD,21078,63
April-2024,MD,21079,1
April-2023,MD,21082,1
April-2023,MD,21084,23
April-2024,MD,21084,20
April-2023,MD,21085,63
April-2024,MD,21085,58
April-2023,MD,21087,16
April-2024,MD,21087,15
April-2023,MD,21090,39
April-2024,MD,21090,39
April-2023,MD,21093,67
April-2024,MD,21093,74
April-2023,MD,21102,30
April-2024,MD,21102,23
April-2023,MD,21104,4
April-2024,MD,21104,8
April-2023,MD,21108,31
April-2024,MD,21108,40
April-2023,MD,21111,12
April-2024,MD,21111,8
April-2023,MD,21113,103
April-2024,MD,21113,116
April-2023,MD,21114,53
April-2024,MD,21114,65
April-2023,MD,21117,223
April-2024,MD,21117,260
April-2023,MD,21120,16
April-2024,MD,21120,20
April-2023,MD,21122,212
April-2024,MD,21122,262
April-2024,MD,21124,1
April-2023,MD,21128,33
April-2024,MD,21128,42
April-2023,MD,21130,1
April-2024,MD,21130,1
April-2023,MD,21131,7
April-2024,MD,21131,23
April-2023,MD,21132,5
April-2024,MD,21132,8
April-2023,MD,21133,134
April-2024,MD,21133,135
April-2023,MD,21136,92
April-2024,MD,21136,112
April-2023,MD,21140,5
April-2024,MD,21140,5
April-2023,MD,21144,124
April-2024,MD,21144,139
April-2023,MD,21146,35
April-2024,MD,21146,46
April-2023,MD,21152,6
April-2024,MD,21152,11
April-2024,MD,21153,2
April-2023,MD,21154,24
April-2024,MD,21154,22
April-2023,MD,21155,4
April-2024,MD,21155,8
April-2024,MD,21156,1
April-2023,MD,21157,76
April-2024,MD,21157,86
April-2023,MD,21158,38
April-2024,MD,21158,47
April-2023,MD,21160,9
April-2024,MD,21160,10
April-2023,MD,21161,16
April-2024,MD,21161,17
April-2023,MD,21162,12
April-2024,MD,21162,11
April-2023,MD,21163,11
April-2024,MD,21163,11
April-2023,MD,21201,68
April-2024,MD,21201,101
April-2023,MD,21202,97
April-2024,MD,21202,104
April-2024,MD,21203,3
April-2023,MD,21204,33
April-2024,MD,21204,49
April-2023,MD,21205,47
April-2024,MD,21205,86
April-2023,MD,21206,234
April-2024,MD,21206,317
April-2023,MD,21207,221
April-2024,MD,21207,298
April-2023,MD,21208,84
April-2024,MD,21208,121
April-2023,MD,21209,75
April-2024,MD,21209,74
April-2023,MD,21210,11
April-2024,MD,21210,13
April-2023,MD,21211,53
April-2024,MD,21211,66
April-2023,MD,21212,107
April-2024,MD,21212,118
April-2023,MD,21213,156
April-2024,MD,21213,231
April-2023,MD,21214,81
April-2024,MD,21214,111
April-2023,MD,21215,269
April-2024,MD,21215,322
April-2023,MD,21216,148
April-2024,MD,21216,199
April-2023,MD,21217,147
April-2024,MD,21217,190
April-2023,MD,21218,183
April-2024,MD,21218,211
April-2023,MD,21219,28
April-2024,MD,21219,76
April-2023,MD,21220,170
April-2024,MD,21220,226
April-2023,MD,21221,176
April-2024,MD,21221,233
April-2023,MD,21222,249
April-2024,MD,21222,359
April-2023,MD,21223,118
April-2024,MD,21223,137
April-2023,MD,21224,139
April-2024,MD,21224,239
April-2023,MD,21225,129
April-2024,MD,21225,188
April-2023,MD,21226,34
April-2024,MD,21226,39
April-2023,MD,21227,113
April-2024,MD,21227,141
April-2023,MD,21228,98
April-2024,MD,21228,131
April-2023,MD,21229,229
April-2024,MD,21229,273
April-2023,MD,21230,117
April-2024,MD,21230,163
April-2023,MD,21231,42
April-2024,MD,21231,45
April-2023,MD,21234,227
April-2024,MD,21234,281
April-2023,MD,21236,132
April-2024,MD,21236,142
April-2023,MD,21237,122
April-2024,MD,21237,134
April-2023,MD,21239,125
April-2024,MD,21239,159
April-2023,MD,21244,151
April-2024,MD,21244,197
April-2023,MD,21260,2
April-2023,MD,21286,47
April-2024,MD,21286,59
April-2023,MD,21401,70
April-2024,MD,21401,77
April-2023,MD,21403,49
April-2024,MD,21403,69
April-2024,MD,21405,1
April-2023,MD,21409,29
April-2024,MD,21409,39
April-2023,MD,21502,145
April-2024,MD,21502,146
April-2023,MD,21503,2
April-2023,MD,21520,5
April-2024,MD,21520,9
April-2023,MD,21521,8
April-2024,MD,21521,3
April-2024,MD,21522,1
April-2023,MD,21523,2
April-2023,MD,21524,2
April-2024,MD,21524,5
April-2023,MD,21529,9
April-2024,MD,21529,4
April-2023,MD,21530,7
April-2024,MD,21530,8
April-2023,MD,21531,10
April-2024,MD,21531,13
April-2023,MD,21532,50
April-2024,MD,21532,65
April-2023,MD,21536,21
April-2024,MD,21536,19
April-2023,MD,21538,3
April-2024,MD,21538,2
April-2023,MD,21539,11
April-2024,MD,21539,16
April-2023,MD,21541,8
April-2024,MD,21541,8
April-2023,MD,21543,1
April-2023,MD,21545,9
April-2024,MD,21545,18
April-2023,MD,21550,29
April-2024,MD,21550,59
April-2023,MD,21552,1
April-2023,MD,21555,8
April-2024,MD,21555,5
April-2023,MD,21557,9
April-2024,MD,21557,8
April-2023,MD,21558,1
April-2023,MD,21561,10
April-2024,MD,21561,8
April-2023,MD,21562,10
April-2024,MD,21562,12
April-2023,MD,21601,53
April-2024,MD,21601,78
April-2023,MD,21610,2
April-2024,MD,21610,1
April-2024,MD,21611,1
April-2023,MD,21612,3
April-2024,MD,21612,5
April-2023,MD,21613,65
April-2024,MD,21613,86
April-2023,MD,21617,12
April-2024,MD,21617,20
April-2023,MD,21619,17
April-2024,MD,21619,20
April-2023,MD,21620,30
April-2024,MD,21620,35
April-2023,MD,21622,1
April-2024,MD,21622,2
April-2023,MD,21623,2
April-2024,MD,21623,6
April-2023,MD,21625,5
April-2024,MD,21625,11
April-2024,MD,21626,1
April-2024,MD,21628,2
April-2023,MD,21629,27
April-2024,MD,21629,24
April-2023,MD,21631,6
April-2024,MD,21631,5
April-2023,MD,21632,23
April-2024,MD,21632,20
April-2023,MD,21634,1
April-2024,MD,21634,2
April-2023,MD,21635,5
April-2024,MD,21635,9
April-2023,MD,21636,3
April-2023,MD,21638,16
April-2024,MD,21638,15
April-2023,MD,21639,19
April-2024,MD,21639,9
April-2023,MD,21640,4
April-2024,MD,21640,4
April-2024,MD,21641,1
April-2023,MD,21643,16
April-2024,MD,21643,36
April-2023,MD,21645,3
April-2024,MD,21645,2
April-2023,MD,21647,1
April-2024,MD,21647,6
April-2023,MD,21649,2
April-2024,MD,21649,2
April-2023,MD,21651,9
April-2024,MD,21651,8
April-2024,MD,21652,1
April-2024,MD,21653,1
April-2023,MD,21654,1
April-2024,MD,21654,2
April-2023,MD,21655,17
April-2024,MD,21655,19
April-2023,MD,21657,1
April-2024,MD,21657,1
April-2023,MD,21658,11
April-2024,MD,21658,10
April-2023,MD,21659,1
April-2023,MD,21660,12
April-2024,MD,21660,10
April-2023,MD,21661,13
April-2024,MD,21661,14
April-2023,MD,21662,4
April-2024,MD,21662,3
April-2023,MD,21663,16
April-2024,MD,21663,17
April-2023,MD,21664,1
April-2024,MD,21664,1
April-2023,MD,21665,1
April-2023,MD,21666,18
April-2024,MD,21666,29
April-2023,MD,21668,7
April-2024,MD,21668,5
April-2023,MD,21671,1
April-2024,MD,21671,4
April-2023,MD,21672,1
April-2024,MD,21672,1
April-2023,MD,21673,9
April-2024,MD,21673,19
April-2023,MD,21675,1
April-2024,MD,21675,1
April-2023,MD,21676,3
April-2024,MD,21676,4
April-2023,MD,21677,1
April-2023,MD,21678,6
April-2024,MD,21678,5
April-2023,MD,21679,1
April-2024,MD,21679,3
April-2023,MD,21701,89
April-2024,MD,21701,89
April-2023,MD,21702,104
April-2024,MD,21702,118
April-2023,MD,21703,90
April-2024,MD,21703,114
April-2023,MD,21704,40
April-2024,MD,21704,47
April-2023,MD,21710,4
April-2024,MD,21710,8
April-2023,MD,21711,2
April-2024,MD,21711,1
April-2023,MD,21713,13
April-2024,MD,21713,21
April-2024,MD,21714,1
April-2023,MD,21716,18
April-2024,MD,21716,16
April-2024,MD,21717,1
April-2023,MD,21719,1
April-2024,MD,21719,3
April-2023,MD,21720,1
April-2023,MD,21722,18
April-2024,MD,21722,16
April-2024,MD,21723,2
April-2023,MD,21727,9
April-2024,MD,21727,11
April-2023,MD,21733,6
April-2024,MD,21733,4
April-2023,MD,21734,3
April-2024,MD,21734,3
April-2023,MD,21737,1
April-2024,MD,21737,2
April-2023,MD,21738,4
April-2024,MD,21738,1
April-2023,MD,21740,206
April-2024,MD,21740,192
April-2023,MD,21741,1
April-2023,MD,21742,94
April-2024,MD,21742,86
April-2023,MD,21750,18
April-2024,MD,21750,12
April-2023,MD,21754,14
April-2024,MD,21754,18
April-2023,MD,21755,8
April-2024,MD,21755,12
April-2023,MD,21756,11
April-2024,MD,21756,6
April-2023,MD,21757,1
April-2024,MD,21757,1
April-2023,MD,21758,8
April-2024,MD,21758,6
April-2024,MD,21762,2
April-2023,MD,21765,1
April-2023,MD,21766,3
April-2024,MD,21766,4
April-2023,MD,21767,3
April-2024,MD,21767,6
April-2023,MD,21769,18
April-2024,MD,21769,21
April-2023,MD,21770,13
April-2024,MD,21770,9
April-2023,MD,21771,48
April-2024,MD,21771,57
April-2023,MD,21773,7
April-2024,MD,21773,10
April-2023,MD,21774,34
April-2024,MD,21774,37
April-2023,MD,21776,15
April-2024,MD,21776,13
April-2023,MD,21777,4
April-2023,MD,21778,3
April-2024,MD,21778,2
April-2023,MD,21779,4
April-2024,MD,21779,2
April-2023,MD,21780,6
April-2024,MD,21780,5
April-2023,MD,21782,11
April-2024,MD,21782,10
April-2023,MD,21783,21
April-2024,MD,21783,18
April-2023,MD,21784,63
April-2024,MD,21784,75
April-2023,MD,21787,22
April-2024,MD,21787,28
April-2023,MD,21788,23
April-2024,MD,21788,25
April-2024,MD,21790,1
April-2023,MD,21791,10
April-2024,MD,21791,6
April-2023,MD,21793,18
April-2024,MD,21793,19
April-2023,MD,21794,1
April-2024,MD,21794,1
April-2023,MD,21795,36
April-2024,MD,21795,29
April-2023,MD,21797,18
April-2024,MD,21797,23
April-2023,MD,21798,7
April-2024,MD,21798,7
April-2023,MD,21801,106
April-2024,MD,21801,108
April-2023,MD,21802,2
April-2023,MD,21804,152
April-2024,MD,21804,155
April-2023,MD,21805,1
April-2023,MD,21811,219
April-2024,MD,21811,218
April-2023,MD,21813,24
April-2024,MD,21813,30
April-2023,MD,21814,1
April-2024,MD,21814,1
April-2023,MD,21817,21
April-2024,MD,21817,11
April-2024,MD,21821,1
April-2023,MD,21822,17
April-2024,MD,21822,5
April-2023,MD,21826,21
April-2024,MD,21826,20
April-2024,MD,21829,3
April-2023,MD,21830,10
April-2024,MD,21830,11
April-2023,MD,21835,1
April-2023,MD,21837,10
April-2024,MD,21837,7
April-2023,MD,21838,2
April-2024,MD,21838,5
April-2023,MD,21840,5
April-2024,MD,21840,3
April-2023,MD,21841,9
April-2024,MD,21841,4
April-2023,MD,21842,202
April-2024,MD,21842,217
April-2023,MD,21843,1
April-2023,MD,21849,12
April-2024,MD,21849,13
April-2023,MD,21850,19
April-2024,MD,21850,21
April-2023,MD,21851,41
April-2024,MD,21851,38
April-2023,MD,21853,36
April-2024,MD,21853,34
April-2023,MD,21856,6
April-2024,MD,21856,3
April-2023,MD,21861,4
April-2024,MD,21861,2
April-2023,MD,21862,2
April-2024,MD,21862,2
April-2023,MD,21863,31
April-2024,MD,21863,27
April-2023,MD,21864,1
April-2024,MD,21864,4
April-2023,MD,21865,2
April-2024,MD,21865,1
April-2023,MD,21869,4
April-2024,MD,21869,3
April-2023,MD,21871,6
April-2024,MD,21871,8
April-2023,MD,21872,10
April-2024,MD,21872,7
April-2023,MD,21874,13
April-2024,MD,21874,17
April-2023,MD,21875,19
April-2024,MD,21875,17
April-2024,MD,21880,1
April-2023,MD,21901,56
April-2024,MD,21901,64
April-2023,MD,21902,1
April-2023,MD,21903,23
April-2024,MD,21903,12
April-2023,MD,21904,19
April-2024,MD,21904,19
April-2023,MD,21911,26
April-2024,MD,21911,25
April-2023,MD,21912,1
April-2023,MD,21913,2
April-2024,MD,21913,3
April-2024,MD,21914,1
April-2023,MD,21915,4
April-2024,MD,21915,4
April-2023,MD,21917,2
April-2024,MD,21917,4
April-2023,MD,21918,11
April-2024,MD,21918,11
April-2023,MD,21919,10
April-2024,MD,21919,9
April-2023,MD,21921,91
April-2024,MD,21921,112
April-2024,MD,21922,1
April-2023,MD,28142,1
April-2023,MD,32073,1
April-2023,MD,65751,1
April-2023,MD,70521,1
April-2023,MD,70707,1
April-2024,MD,73160,1
April-2023,MD,NULL,1
April-2024,MD,NULL,1
April-2023,ME,04072,1
April-2024,ME,04084,1
April-2023,ME,04345,1
April-2023,ME,04363,1
April-2023,ME,04551,1
April-2023,ME,21617,1
April-2024,MI,48071,1
April-2023,MI,48080,1
April-2023,MI,48122,2
April-2024,MI,48122,2
April-2023,MI,48126,1
April-2023,MI,48185,1
April-2024,MI,48220,1
April-2024,MI,48236,1
April-2023,MI,48313,1
April-2024,MI,48322,1
April-2024,MI,48418,1
April-2023,MI,48617,1
April-2024,MI,48617,1
April-2024,MI,48840,1
April-2024,MI,48858,2
April-2024,MI,49009,1
April-2024,MI,49437,1
April-2024,MI,49854,1
April-2023,MN,55405,1
April-2024,MN,55406,1
April-2024,MO,63033,1
April-2024,MO,63125,1
April-2024,MO,63135,1
April-2023,MO,63138,1
April-2024,MO,63141,1
April-2023,MO,64012,1
April-2023,MO,64130,1
April-2023,MO,64772,1
April-2023,MO,65349,1
April-2024,MS,38606,1
April-2023,MS,38635,1
April-2024,MS,39157,1
April-2023,MS,39525,1
April-2023,MS,39562,1
April-2023,NC,27023,1
April-2023,NC,27107,1
April-2024,NC,27248,1
April-2023,NC,27265,1
April-2024,NC,27282,1
April-2024,NC,27344,1
April-2023,NC,27377,1
April-2023,NC,27407,1
April-2023,NC,27516,1
April-2024,NC,27516,1
April-2023,NC,27519,1
April-2024,NC,27526,1
April-2024,NC,27540,1
April-2023,NC,27546,1
April-2024,NC,27546,1
April-2024,NC,27549,1
April-2024,NC,27577,1
April-2023,NC,27597,1
April-2024,NC,27612,1
April-2024,NC,27617,1
April-2024,NC,27803,1
April-2023,NC,27858,1
April-2024,NC,27889,1
April-2024,NC,28037,1
April-2023,NC,28078,1
April-2024,NC,28115,1
April-2024,NC,28146,1
April-2023,NC,28213,1
April-2024,NC,28213,1
April-2024,NC,28215,1
April-2023,NC,28216,1
April-2024,NC,28262,1
April-2023,NC,28269,1
April-2024,NC,28306,1
April-2024,NC,28314,1
April-2024,NC,28315,1
April-2024,NC,28405,1
April-2024,NC,28443,1
April-2024,NC,28451,1
April-2023,NC,28458,1
April-2024,NC,28468,1
April-2024,NC,28469,1
April-2023,NC,28562,1
April-2024,NC,28562,1
April-2024,NC,28602,1
April-2024,NC,28734,1
April-2023,ND,58704,1
April-2024,NE,68508,1
April-2024,NH,03223,1
April-2023,NH,03234,1
April-2024,NH,03855,1
April-2024,NJ,07014,1
April-2024,NJ,07040,2
April-2024,NJ,07042,1
April-2024,NJ,07079,1
April-2024,NJ,07081,1
April-2023,NJ,07083,1
April-2023,NJ,07094,1
April-2024,NJ,07109,1
April-2024,NJ,07205,1
April-2024,NJ,07305,1
April-2024,NJ,07416,1
April-2023,NJ,07458,1
April-2023,NJ,07470,1
April-2024,NJ,07670,1
April-2024,NJ,07726,1
April-2023,NJ,07730,1
April-2023,NJ,07832,1
April-2023,NJ,07853,1
April-2023,NJ,07960,1
April-2023,NJ,08003,1
April-2024,NJ,08027,1
April-2024,NJ,08035,1
April-2023,NJ,08043,1
April-2023,NJ,08049,1
April-2024,NJ,08064,1
April-2024,NJ,08080,1
April-2023,NJ,08081,1
April-2024,NJ,08205,1
April-2024,NJ,08234,1
April-2024,NJ,08260,1
April-2024,NJ,08344,1
April-2024,NJ,08510,1
April-2023,NJ,08536,1
April-2023,NJ,08828,1
April-2023,NJ,08872,1
April-2023,NM,87007,1
April-2024,NM,88011,1
April-2023,NULL,80078,1
April-2023,NULL,NULL,2
April-2024,NULL,NULL,3
April-2024,NV,89052,1
April-2023,NV,89081,1
April-2024,NV,89081,1
April-2024,NV,89086,1
April-2023,NV,89108,2
April-2023,NV,89109,1
April-2023,NV,89115,1
April-2024,NV,89117,1
April-2024,NV,89123,1
April-2023,NV,89130,1
April-2023,NV,89131,1
April-2023,NV,89148,1
April-2024,NV,89148,1
April-2023,NV,89166,2
April-2024,NV,89166,1
April-2023,NY,10003,1
April-2024,NY,10016,1
April-2023,NY,10128,1
April-2023,NY,10306,1
April-2024,NY,10451,1
April-2024,NY,10452,1
April-2024,NY,10455,1
April-2024,NY,10462,1
April-2024,NY,10606,1
April-2023,NY,10954,2
April-2024,NY,10954,2
April-2024,NY,11101,1
April-2024,NY,11106,2
April-2024,NY,11203,1
April-2024,NY,11209,1
April-2023,NY,11215,1
April-2024,NY,11216,1
April-2024,NY,11221,1
April-2024,NY,11236,1
April-2023,NY,11237,1
April-2024,NY,11367,1
April-2023,NY,11375,1
April-2024,NY,11377,1
April-2024,NY,11432,1
April-2024,NY,11557,1
April-2023,NY,11570,1
April-2024,NY,11691,1
April-2024,NY,11766,1
April-2023,NY,11901,1
April-2024,NY,11901,1
April-2024,NY,12180,1
April-2023,NY,12306,1
April-2023,NY,12561,1
April-2024,NY,12866,1
April-2024,NY,13035,1
April-2023,NY,13078,1
April-2024,NY,13205,1
April-2024,NY,13350,1
April-2024,NY,13753,1
April-2023,NY,13903,1
April-2024,NY,14075,1
April-2024,NY,14424,1
April-2024,NY,14580,1
April-2024,NY,14623,1
April-2024,NY,14817,1
April-2023,NY,14845,1
April-2024,OH,43756,1
April-2023,OH,43950,1
April-2024,OH,43950,1
April-2023,OH,44004,2
April-2023,OH,44122,1
April-2024,OH,44130,1
April-2024,OH,44307,1
April-2023,OH,44410,1
April-2023,OH,44644,1
April-2024,OH,45140,1
April-2024,OH,45459,1
April-2023,OH,45601,1
April-2023,OH,45631,1
April-2023,OK,73045,1
April-2023,OK,74020,1
April-2024,OK,74137,1
April-2023,OK,74145,1
April-2024,OK,74441,1
April-2024,OK,74801,1
April-2024,OR,17313,1
April-2023,OR,97058,1
April-2023,OR,97089,1
April-2023,OR,97214,1
April-2024,OR,97214,1
April-2024,OR,97366,1
April-2023,OR,97402,1
April-2023,PA,15044,1
April-2024,PA,15108,1
April-2023,PA,15204,1
April-2023,PA,15212,1
April-2024,PA,15217,1
April-2023,PA,15221,1
April-2024,PA,15226,1
April-2024,PA,15301,1
April-2023,PA,15317,1
April-2024,PA,15323,1
April-2023,PA,15417,1
April-2024,PA,15424,1
April-2024,PA,15431,1
April-2024,PA,15436,1
April-2023,PA,15459,1
April-2024,PA,15459,1
April-2024,PA,15469,1
April-2023,PA,15501,1
April-2024,PA,15501,1
April-2023,PA,15521,1
April-2023,PA,15522,4
April-2024,PA,15522,2
April-2023,PA,15530,1
April-2024,PA,15531,1
April-2023,PA,15532,1
April-2024,PA,15532,3
April-2023,PA,15535,7
April-2024,PA,15535,5
April-2023,PA,15537,4
April-2024,PA,15537,1
April-2023,PA,15538,1
April-2024,PA,15538,2
April-2024,PA,15540,1
April-2024,PA,15541,1
April-2024,PA,15542,1
April-2023,PA,15544,1
April-2024,PA,15544,2
April-2023,PA,15545,9
April-2024,PA,15545,14
April-2023,PA,15550,1
April-2024,PA,15551,1
April-2023,PA,15552,7
April-2024,PA,15552,19
April-2024,PA,15557,2
April-2023,PA,15558,5
April-2024,PA,15558,11
April-2023,PA,15562,2
April-2024,PA,15562,4
April-2024,PA,15563,1
April-2023,PA,15656,1
April-2023,PA,15688,1
April-2023,PA,15717,1
April-2024,PA,15857,1
April-2023,PA,15926,1
April-2024,PA,15938,1
April-2023,PA,16134,1
April-2023,PA,16351,1
April-2023,PA,16505,1
April-2024,PA,16509,1
April-2023,PA,16647,1
April-2024,PA,16650,1
April-2023,PA,16668,1
April-2024,PA,16668,1
April-2024,PA,16674,1
April-2023,PA,16686,1
April-2024,PA,16874,1
April-2024,PA,16914,1
April-2024,PA,17011,1
April-2023,PA,17013,1
April-2023,PA,17017,1
April-2024,PA,17019,2
April-2023,PA,17022,1
April-2024,PA,17025,2
April-2023,PA,17050,2
April-2024,PA,17050,1
April-2024,PA,17055,1
April-2024,PA,17065,1
April-2024,PA,17109,1
April-2024,PA,17110,1
April-2023,PA,17201,4
April-2024,PA,17201,5
April-2023,PA,17202,16
April-2024,PA,17202,9
April-2023,PA,17211,1
April-2024,PA,17211,1
April-2023,PA,17212,1
April-2023,PA,17214,1
April-2024,PA,17214,1
April-2023,PA,17217,1
April-2024,PA,17217,1
April-2023,PA,17222,5
April-2024,PA,17222,2
April-2023,PA,17225,18
April-2024,PA,17225,10
April-2023,PA,17233,1
April-2024,PA,17233,2
April-2023,PA,17236,16
April-2024,PA,17236,8
April-2023,PA,17237,3
April-2024,PA,17237,1
April-2023,PA,17238,5
April-2024,PA,17238,3
April-2023,PA,17252,4
April-2023,PA,17255,1
April-2023,PA,17257,1
April-2024,PA,17257,1
April-2023,PA,17267,14
April-2024,PA,17267,7
April-2023,PA,17268,23
April-2024,PA,17268,29
April-2023,PA,17301,1
April-2023,PA,17302,2
April-2024,PA,17302,1
April-2024,PA,17304,1
April-2024,PA,17307,1
April-2023,PA,17309,2
April-2023,PA,17313,1
April-2024,PA,17313,5
April-2023,PA,17314,14
April-2024,PA,17314,18
April-2023,PA,17315,1
April-2024,PA,17315,1
April-2023,PA,17316,1
April-2023,PA,17320,12
April-2024,PA,17320,7
April-2023,PA,17321,3
April-2024,PA,17321,4
April-2023,PA,17322,2
April-2024,PA,17322,3
April-2023,PA,17324,1
April-2023,PA,17325,9
April-2024,PA,17325,7
April-2023,PA,17327,1
April-2024,PA,17327,7
April-2024,PA,17329,2
April-2023,PA,17331,22
April-2024,PA,17331,17
April-2023,PA,17340,9
April-2024,PA,17340,6
April-2024,PA,17344,1
April-2023,PA,17345,1
April-2023,PA,17347,3
April-2024,PA,17347,1
April-2023,PA,17349,12
April-2024,PA,17349,20
April-2024,PA,17350,4
April-2023,PA,17352,2
April-2024,PA,17352,1
April-2023,PA,17353,1
April-2024,PA,17353,2
April-2023,PA,17356,4
April-2024,PA,17356,10
April-2023,PA,17360,2
April-2024,PA,17360,3
April-2023,PA,17361,8
April-2024,PA,17361,7
April-2023,PA,17362,2
April-2024,PA,17362,1
April-2023,PA,17363,7
April-2024,PA,17363,15
April-2024,PA,17366,3
April-2023,PA,17370,1
April-2024,PA,17370,2
April-2024,PA,17401,1
April-2023,PA,17402,3
April-2024,PA,17402,4
April-2023,PA,17403,2
April-2024,PA,17403,6
April-2024,PA,17404,6
April-2023,PA,17406,5
April-2024,PA,17406,7
April-2023,PA,17408,2
April-2024,PA,17408,3
April-2023,PA,17509,1
April-2024,PA,17519,1
April-2023,PA,17529,1
April-2024,PA,17538,1
April-2024,PA,17540,1
April-2023,PA,17543,1
April-2024,PA,17543,1
April-2024,PA,17563,1
April-2024,PA,17566,1
April-2024,PA,17584,1
April-2024,PA,17601,1
April-2023,PA,17701,1
April-2024,PA,17953,1
April-2024,PA,18040,1
April-2023,PA,18042,1
April-2024,PA,18049,1
April-2024,PA,18073,1
April-2024,PA,18078,1
April-2024,PA,18106,1
April-2023,PA,18235,1
April-2024,PA,18252,1
April-2024,PA,18301,1
April-2024,PA,18347,1
April-2024,PA,18504,1
April-2023,PA,18634,1
April-2023,PA,18702,1
April-2023,PA,18704,1
April-2024,PA,18914,1
April-2023,PA,18951,1
April-2024,PA,18951,1
April-2023,PA,19004,1
April-2023,PA,19013,1
April-2024,PA,19013,2
April-2023,PA,19033,2
April-2023,PA,19043,1
April-2024,PA,19047,1
April-2024,PA,19050,1
April-2024,PA,19063,1
April-2024,PA,19064,1
April-2024,PA,19070,1
April-2023,PA,19073,1
April-2024,PA,19073,1
April-2023,PA,19082,1
April-2024,PA,19104,1
April-2024,PA,19107,1
April-2024,PA,19115,1
April-2024,PA,19123,1
April-2024,PA,19130,1
April-2023,PA,19131,1
April-2024,PA,19131,1
April-2023,PA,19132,1
April-2024,PA,19143,1
April-2023,PA,19144,1
April-2024,PA,19146,2
April-2023,PA,19148,1
April-2024,PA,19148,2
April-2023,PA,19317,1
April-2024,PA,19335,1
April-2023,PA,19350,1
April-2024,PA,19350,2
April-2023,PA,19352,1
April-2024,PA,19352,2
April-2024,PA,19355,2
April-2023,PA,19362,1
April-2024,PA,19362,2
April-2023,PA,19363,4
April-2024,PA,19363,2
April-2023,PA,19382,2
April-2024,PA,19382,1
April-2024,PA,19405,1
April-2023,PA,19426,1
April-2024,PA,19426,2
April-2024,PA,19446,1
April-2024,PA,19454,1
April-2023,PA,19468,1
April-2023,PA,19508,1
April-2023,PA,19605,1
April-2023,PA,19606,1
April-2024,PR,00600,1
April-2024,PR,00602,1
April-2024,PR,00603,4
April-2023,PR,00617,1
April-2024,PR,00669,1
April-2024,PR,00738,1
April-2023,PR,00766,1
April-2024,PR,00766,1
April-2024,PR,00795,1
April-2024,PR,00949,1
April-2024,PR,00965,1
April-2023,RI,02830,1
April-2024,RI,02842,1
April-2024,RI,02865,1
April-2024,RI,02895,1
April-2024,RI,02908,1
April-2024,SC,29072,1
April-2023,SC,29118,1
April-2024,SC,29123,1
April-2024,SC,29150,2
April-2024,SC,29203,1
April-2024,SC,29212,1
April-2023,SC,29229,1
April-2023,SC,29385,1
April-2024,SC,29451,1
April-2024,SC,29455,1
April-2024,SC,29461,1
April-2024,SC,29486,1
April-2023,SC,29510,1
April-2023,SC,29520,1
April-2023,SC,29575,1
April-2023,SC,29577,2
April-2024,SC,29579,1
April-2023,SC,29588,1
April-2023,SC,29645,1
April-2024,SC,29650,1
April-2023,SC,29651,1
April-2023,SC,29710,1
April-2024,SC,29910,1
April-2024,TN,37040,1
April-2024,TN,37042,1
April-2024,TN,37066,1
April-2023,TN,37076,1
April-2023,TN,37115,1
April-2023,TN,37122,1
April-2024,TN,37138,1
April-2024,TN,37209,1
April-2024,TN,37216,1
April-2023,TN,37327,1
April-2024,TN,37826,1
April-2023,TN,37917,1
April-2024,TN,37917,1
April-2024,TN,38116,1
April-2024,TN,38119,1
April-2023,TN,38120,1
April-2024,TN,38305,1
April-2023,TN,38401,1
April-2024,TN,38572,1
April-2024,TX,75001,1
April-2024,TX,75019,1
April-2024,TX,75040,1
April-2023,TX,75050,1
April-2023,TX,75054,1
April-2024,TX,75070,1
April-2023,TX,75075,1
April-2023,TX,75082,1
April-2024,TX,75156,1
April-2023,TX,75189,1
April-2024,TX,75211,1
April-2023,TX,75215,1
April-2023,TX,75672,1
April-2024,TX,75801,1
April-2023,TX,76011,1
April-2023,TX,76021,1
April-2023,TX,76031,1
April-2023,TX,76107,1
April-2023,TX,76132,1
April-2024,TX,76179,1
April-2023,TX,76182,1
April-2023,TX,76522,1
April-2024,TX,76542,1
April-2023,TX,76543,1
April-2023,TX,76549,1
April-2024,TX,76559,1
April-2024,TX,76706,1
April-2023,TX,77009,1
April-2023,TX,77013,1
April-2024,TX,77013,1
April-2023,TX,77016,1
April-2023,TX,77030,1
April-2023,TX,77042,2
April-2023,TX,77057,1
April-2024,TX,77058,1
April-2023,TX,77073,1
April-2024,TX,77074,1
April-2023,TX,77093,2
April-2024,TX,77093,1
April-2024,TX,77095,1
April-2023,TX,77339,1
April-2023,TX,77360,1
April-2024,TX,77375,1
April-2024,TX,77386,1
April-2024,TX,77388,1
April-2024,TX,77479,1
April-2024,TX,77493,1
April-2023,TX,77590,1
April-2024,TX,77701,1
April-2024,TX,77706,1
April-2023,TX,77807,1
April-2023,TX,77845,1
April-2024,TX,77845,1
April-2024,TX,77979,1
April-2023,TX,78251,1
April-2023,TX,78520,1
April-2023,TX,78521,3
April-2024,TX,78521,3
April-2023,TX,78526,1
April-2024,TX,78542,1
April-2024,TX,78578,1
April-2024,TX,79605,1
April-2023,TX,79938,2
April-2024,TX,79938,1
April-2023,UT,84037,1
April-2024,UT,84302,1
April-2024,VA,20105,1
April-2024,VA,20109,1
April-2023,VA,20110,1
April-2024,VA,20110,2
April-2023,VA,20111,5
April-2024,VA,20111,3
April-2023,VA,20112,2
April-2023,VA,20120,3
April-2024,VA,20120,3
April-2023,VA,20121,2
April-2024,VA,20121,1
April-2023,VA,20124,1
April-2024,VA,20124,1
April-2024,VA,20132,1
April-2024,VA,20136,3
April-2024,VA,20137,1
April-2024,VA,20141,1
April-2023,VA,20146,1
April-2023,VA,20147,3
April-2024,VA,20147,1
April-2023,VA,20148,1
April-2024,VA,20148,7
April-2023,VA,20151,2
April-2024,VA,20151,4
April-2023,VA,20152,1
April-2024,VA,20152,5
April-2023,VA,20155,2
April-2024,VA,20155,2
April-2023,VA,20164,2
April-2024,VA,20164,1
April-2023,VA,20165,1
April-2024,VA,20165,4
April-2023,VA,20166,2
April-2024,VA,20166,3
April-2023,VA,20170,1
April-2024,VA,20170,3
April-2023,VA,20171,5
April-2024,VA,20171,12
April-2023,VA,20175,3
April-2024,VA,20175,3
April-2023,VA,20176,2
April-2024,VA,20176,2
April-2023,VA,20186,1
April-2023,VA,20190,1
April-2023,VA,20191,1
April-2024,VA,20194,3
April-2023,VA,22003,6
April-2024,VA,22003,6
April-2023,VA,22015,3
April-2024,VA,22015,1
April-2024,VA,22025,1
April-2024,VA,22026,4
April-2023,VA,22030,5
April-2024,VA,22030,11
April-2024,VA,22031,4
April-2023,VA,22032,2
April-2024,VA,22032,2
April-2024,VA,22033,5
April-2024,VA,22039,2
April-2023,VA,22041,2
April-2024,VA,22041,4
April-2023,VA,22042,2
April-2024,VA,22042,1
April-2024,VA,22043,2
April-2023,VA,22044,1
April-2024,VA,22044,1
April-2024,VA,22046,3
April-2023,VA,22066,1
April-2023,VA,22079,1
April-2024,VA,22079,7
April-2023,VA,22101,4
April-2023,VA,22102,3
April-2024,VA,22102,7
April-2023,VA,22124,2
April-2024,VA,22124,1
April-2023,VA,22150,2
April-2024,VA,22150,1
April-2023,VA,22151,2
April-2024,VA,22151,1
April-2023,VA,22152,4
April-2023,VA,22153,2
April-2024,VA,22153,3
April-2024,VA,22172,1
April-2024,VA,22180,2
April-2023,VA,22181,3
April-2024,VA,22181,3
April-2023,VA,22182,2
April-2024,VA,22182,4
April-2023,VA,22191,8
April-2024,VA,22191,9
April-2023,VA,22192,4
April-2024,VA,22192,5
April-2023,VA,22193,6
April-2024,VA,22193,11
April-2023,VA,22201,2
April-2024,VA,22201,7
April-2023,VA,22203,1
April-2024,VA,22203,1
April-2023,VA,22204,4
April-2024,VA,22204,4
April-2023,VA,22205,1
April-2024,VA,22205,3
April-2023,VA,22206,1
April-2024,VA,22206,3
April-2023,VA,22207,1
April-2024,VA,22207,3
April-2023,VA,22209,3
April-2024,VA,22209,2
April-2023,VA,22230,1
April-2023,VA,22301,3
April-2024,VA,22301,4
April-2023,VA,22302,1
April-2024,VA,22302,3
April-2023,VA,22303,2
April-2024,VA,22303,2
April-2023,VA,22304,6
April-2024,VA,22304,10
April-2023,VA,22305,3
April-2024,VA,22305,5
April-2023,VA,22306,3
April-2024,VA,22306,3
April-2024,VA,22308,3
April-2023,VA,22309,3
April-2024,VA,22309,5
April-2023,VA,22310,5
April-2024,VA,22310,6
April-2023,VA,22311,3
April-2024,VA,22311,2
April-2023,VA,22312,5
April-2024,VA,22312,6
April-2023,VA,22314,3
April-2024,VA,22314,5
April-2023,VA,22315,1
April-2024,VA,22315,2
April-2023,VA,22401,2
April-2024,VA,22401,2
April-2023,VA,22405,1
April-2024,VA,22405,3
April-2023,VA,22407,1
April-2024,VA,22407,3
April-2023,VA,22408,3
April-2024,VA,22408,2
April-2023,VA,22443,5
April-2024,VA,22443,3
April-2023,VA,22469,3
April-2024,VA,22469,4
April-2023,VA,22485,4
April-2024,VA,22485,3
April-2024,VA,22488,1
April-2024,VA,22508,1
April-2023,VA,22511,1
April-2023,VA,22520,2
April-2024,VA,22520,1
April-2023,VA,22546,1
April-2024,VA,22551,1
April-2023,VA,22554,2
April-2024,VA,22554,4
April-2023,VA,22556,3
April-2024,VA,22556,2
April-2023,VA,22560,1
April-2023,VA,22601,2
April-2024,VA,22601,1
April-2023,VA,22602,1
April-2024,VA,22602,1
April-2023,VA,22603,1
April-2024,VA,22620,1
April-2023,VA,22625,1
April-2023,VA,22630,2
April-2024,VA,22630,3
April-2023,VA,22642,1
April-2024,VA,22642,1
April-2023,VA,22655,2
April-2024,VA,22663,1
April-2024,VA,22701,1
April-2024,VA,22712,1
April-2023,VA,22734,1
April-2023,VA,22835,1
April-2023,VA,22840,1
April-2024,VA,22851,1
April-2023,VA,22901,1
April-2023,VA,22911,1
April-2024,VA,22967,1
April-2024,VA,22968,1
April-2023,VA,23002,1
April-2024,VA,23005,1
April-2024,VA,23060,2
April-2023,VA,23072,1
April-2023,VA,23116,1
April-2024,VA,23116,1
April-2023,VA,23120,1
April-2024,VA,23222,1
April-2023,VA,23223,1
April-2023,VA,23228,1
April-2024,VA,23230,1
April-2023,VA,23231,1
April-2023,VA,23233,1
April-2024,VA,23237,1
April-2024,VA,23303,1
April-2023,VA,23314,1
April-2024,VA,23320,1
April-2024,VA,23321,1
April-2023,VA,23323,1
April-2023,VA,23324,1
April-2023,VA,23325,1
April-2023,VA,23336,1
April-2024,VA,23336,3
April-2023,VA,23337,1
April-2024,VA,23337,1
April-2023,VA,23356,2
April-2024,VA,23356,3
April-2024,VA,23395,2
April-2023,VA,23405,1
April-2024,VA,23410,1
April-2023,VA,23414,1
April-2023,VA,23415,4
April-2024,VA,23415,1
April-2023,VA,23421,1
April-2024,VA,23421,2
April-2023,VA,23430,1
April-2023,VA,23442,1
April-2024,VA,23451,1
April-2023,VA,23453,1
April-2023,VA,23464,2
April-2023,VA,23488,2
April-2024,VA,23504,1
April-2023,VA,23513,1
April-2023,VA,23605,1
April-2023,VA,23661,1
April-2023,VA,23662,1
April-2023,VA,23666,1
April-2024,VA,23666,1
April-2023,VA,23669,1
April-2023,VA,23803,1
April-2023,VA,23805,1
April-2024,VA,23831,1
April-2023,VA,23832,1
April-2023,VA,23834,1
April-2024,VA,23834,1
April-2023,VA,23840,1
April-2023,VA,23867,1
April-2024,VA,23901,1
April-2024,VA,24112,1
April-2024,VA,24487,1
April-2024,VA,24501,2
April-2023,VA,24504,1
April-2024,VA,24541,1
April-2023,VT,05458,1
April-2024,VT,05906,1
April-2024,WA,20010,1
April-2023,WA,20018,1
April-2023,WA,20019,1
April-2023,WA,20020,1
April-2024,WA,20020,1
April-2023,WA,98047,1
April-2024,WA,98103,1
April-2023,WA,98104,1
April-2023,WA,98258,1
April-2023,WA,98277,1
April-2023,WA,98418,1
April-2023,WA,98579,1
April-2024,WA,98579,1
April-2023,WA,98662,1
April-2024,WA,98662,1
April-2024,WA,98682,1
April-2023,WA,98802,1
April-2024,WA,98802,1
April-2023,WA,99004,1
April-2023,WA,99205,1
April-2024,WI,54082,1
April-2023,WI,54143,1
April-2023,WV,24910,1
April-2023,WV,25276,1
April-2024,WV,25276,1
April-2023,WV,25286,1
April-2023,WV,25401,10
April-2024,WV,25401,6
April-2023,WV,25402,1
April-2023,WV,25403,11
April-2024,WV,25403,11
April-2023,WV,25404,16
April-2024,WV,25404,9
April-2023,WV,25405,12
April-2024,WV,25405,9
April-2023,WV,25411,14
April-2024,WV,25411,11
April-2023,WV,25413,3
April-2024,WV,25413,2
April-2023,WV,25414,8
April-2024,WV,25414,7
April-2023,WV,25419,28
April-2024,WV,25419,21
April-2023,WV,25420,2
April-2023,WV,25422,1
April-2023,WV,25425,6
April-2024,WV,25425,9
April-2023,WV,25427,17
April-2024,WV,25427,13
April-2023,WV,25428,3
April-2024,WV,25428,1
April-2023,WV,25430,5
April-2024,WV,25430,3
April-2024,WV,25434,1
April-2023,WV,25437,1
April-2023,WV,25438,4
April-2024,WV,25438,2
April-2023,WV,25442,3
April-2024,WV,25442,1
April-2023,WV,25443,1
April-2024,WV,25443,1
April-2023,WV,26003,1
April-2024,WV,26287,1
April-2023,WV,26292,1
April-2024,WV,26292,1
April-2024,WV,26347,1
April-2024,WV,26351,1
April-2024,WV,26354,1
April-2023,WV,26452,1
April-2023,WV,26501,1
April-2023,WV,26508,1
April-2024,WV,26508,1
April-2023,WV,26525,2
April-2023,WV,26537,1
April-2024,WV,26537,3
April-2024,WV,26588,1
April-2024,WV,26601,1
April-2023,WV,26704,2
April-2023,WV,26705,2
April-2024,WV,26705,2
April-2023,WV,26710,2
April-2023,WV,26714,1
April-2023,WV,26716,1
April-2024,WV,26716,2
April-2023,WV,26719,7
April-2024,WV,26719,5
April-2023,WV,26726,15
April-2024,WV,26726,13
April-2023,WV,26743,1
April-2023,WV,26750,1
April-2023,WV,26753,24
April-2024,WV,26753,22
April-2024,WV,26755,1
April-2023,WV,26757,1
April-2023,WV,26763,4
April-2024,WV,26763,1
April-2023,WV,26764,6
April-2024,WV,26764,5
April-2023,WV,26767,3
April-2024,WV,26767,2
April-2023,WV,26804,1
April-2024,WV,26804,1
April-2023,WV,26807,1
April-2024,WV,26807,1
April-2023,WV,26810,1
April-2024,WV,26833,1
April-2023,WV,26836,5
April-2024,WV,26836,4
April-2024,WV,26845,1