AsOfDate,Program,BorrName,BorrStreet,BorrCity,BorrState,BorrZip,BankName,BankFDICNumber,BankNCUANumber,BankStreet,BankCity,BankState,BankZip,GrossApproval,SBAGuaranteedApproval,ApprovalDate,ApprovalFiscalYear,FirstDisbursementDate,DeliveryMethod,subpgmdesc,InitialInterestRate,TermInMonths,NaicsCode,NaicsDescription,FranchiseCode,FranchiseName,ProjectCounty,ProjectState,SBADistrictOffice,CongressionalDistrict,BusinessType,BusinessAge,LoanStatus,PaidInFullDate,ChargeOffDate,GrossChargeOffAmount,RevolverStatus,JobsSupported,SOLDSECMRTIND,fulladdress,lon,lat,census_block
20230930,7A,Therapeutic Changes Inc.,6115 Twilight Ct,Baltimore,MD,21206,Manufacturers and Traders Trust Company,588,NA,"One M & T Plaza, 15th Fl",BUFFALO,NY,14203,35000,17500,10/21/2019,2020,10/31/2019,SBA EXPRES,FA$TRK (Small Loan Express),11.5,120,624190,Other Individual and Family Services,,,BALTIMORE CITY,MD,BALTIMORE DISTRICT OFFICE,2,CORPORATION,Existing or more than 2 years old,EXEMPT,,,0,1,0,N,"6115 Twilight Ct, Baltimore, MD, 21206",-76.515604,39.34476,
20230930,7A,Barring & Co. Inc.,1201 68th Street,Baltimore,MD,21237,"Fulton Bank, National Association",7551,NA,One Penn Sq,LANCASTER,PA,17602,1669500,1252125,10/22/2019,2020,,PLP,Guaranty,7.75,300,484121,"General Freight Trucking, Long Distance, Truckload",,,BALTIMORE,MD,BALTIMORE DISTRICT OFFICE,2,CORPORATION,Existing or more than 2 years old,CANCLD,,,0,0,15,N,"1201 68th Street, Baltimore, MD, 21237",-76.51982149999999,39.3122569,
20230930,7A,Barring  Co INC,1201 68th Street,Baltimore,MD,21237,"Fulton Bank, National Association",7551,NA,One Penn Sq,LANCASTER,PA,17602,1669500,1252125,10/22/2019,2020,12/31/2019,PLP,Guaranty,7.75,300,484121,"General Freight Trucking, Long Distance, Truckload",,,BALTIMORE,MD,BALTIMORE DISTRICT OFFICE,2,CORPORATION,Existing or more than 2 years old,EXEMPT,,,0,0,15,Y,"1201 68th Street, Baltimore, MD, 21237",-76.51982149999999,39.3122569,
20230930,7A,P.J. Williams Towing Inc.,5712 Kenwood Ave,Baltimore,MD,21206,Manufacturers and Traders Trust Company,588,NA,"One M & T Plaza, 15th Fl",BUFFALO,NY,14203,10000,5000,10/25/2019,2020,,SBA EXPRES,FA$TRK (Small Loan Express),11.5,120,488410,Motor Vehicle Towing,,,BALTIMORE CITY,MD,BALTIMORE DISTRICT OFFICE,2,CORPORATION,Existing or more than 2 years old,CANCLD,,,0,1,0,N,"5712 Kenwood Ave, Baltimore, MD, 21206",-76.5072947,39.3467843,
20230930,7A,Herkemis LLC,6405 Dalston St,Baltimore,MD,21220,Manufacturers and Traders Trust Company,588,NA,"One M & T Plaza, 15th Fl",BUFFALO,NY,14203,20000,10000,11/27/2019,2020,03/31/2020,SBA EXPRES,FA$TRK (Small Loan Express),7.5,120,448150,Clothing Accessories Stores,,,BALTIMORE,MD,BALTIMORE DISTRICT OFFICE,2,CORPORATION,"Startup, Loan Funds will Open Business",EXEMPT,,,0,1,3,N,"6405 Dalston St, Baltimore, MD, 21220",-76.40044809999999,39.3583716,
20230930,7A,Herkemis LLC,6405 Dalston St,Baltimore,MD,21220,Manufacturers and Traders Trust Company,588,NA,"One M & T Plaza, 15th Fl",BUFFALO,NY,14203,40200,20100,11/27/2019,2020,12/31/2019,SBA EXPRES,FA$TRK (Small Loan Express),7.5,48,448150,Clothing Accessories Stores,,,BALTIMORE,MD,BALTIMORE DISTRICT OFFICE,2,CORPORATION,"Startup, Loan Funds will Open Business",EXEMPT,,,0,0,3,N,"6405 Dalston St, Baltimore, MD, 21220",-76.40044809999999,39.3583716,
20230930,7A,Mesospoa LLC,829 N Charles St,Baltimore,MD,21201,Manufacturers and Traders Trust Company,588,NA,"One M & T Plaza, 15th Fl",BUFFALO,NY,14203,75000,37500,12/16/2019,2020,01/24/2020,SBA EXPRES,FA$TRK (Small Loan Express),9.25,66,722511,Full-Service Restaurants,,,BALTIMORE CITY,MD,BALTIMORE DISTRICT OFFICE,3,CORPORATION,Existing or more than 2 years old,EXEMPT,,,0,0,7,N,"829 N Charles St, Baltimore, MD, 21201",-76.615544,39.2995491,
20230930,7A,Curtis &amp; Briscoe LLC,4707 Frankford Ave,Baltimore,MD,21206,Manufacturers and Traders Trust Company,588,NA,"One M & T Plaza, 15th Fl",BUFFALO,NY,14203,15000,7500,01/13/2020,2020,08/31/2020,SBA EXPRES,FA$TRK (Small Loan Express),9.25,120,236118,Residential Remodelers,,,BALTIMORE CITY,MD,BALTIMORE DISTRICT OFFICE,2,CORPORATION,Existing or more than 2 years old,PIF,03/31/2021,,0,1,1,,"4707 Frankford Ave, Baltimore, MD, 21206",-76.5459557,39.3324588,
20230930,7A,Second Century Homes LLC,1752 E Lombard St #2,Baltimore,MD,21231,Manufacturers and Traders Trust Company,588,NA,"One M & T Plaza, 15th Fl",BUFFALO,NY,14203,50000,25000,01/16/2020,2020,02/29/2020,SBA EXPRES,FA$TRK (Small Loan Express),9,63,238990,All Other Specialty Trade Contractors,,,BALTIMORE CITY,MD,BALTIMORE DISTRICT OFFICE,2,CORPORATION,Existing or more than 2 years old,EXEMPT,,,0,0,13,N,"1752 E Lombard St #2, Baltimore, MD, 21231",-76.59192879999999,39.2906041,
20230930,7A,Second Century Homes LLC,1752 E Lombard St #2,Baltimore,MD,21231,Manufacturers and Traders Trust Company,588,NA,"One M & T Plaza, 15th Fl",BUFFALO,NY,14203,30000,15000,01/16/2020,2020,01/31/2020,SBA EXPRES,FA$TRK (Small Loan Express),9.25,120,238990,All Other Specialty Trade Contractors,,,BALTIMORE CITY,MD,BALTIMORE DISTRICT OFFICE,2,CORPORATION,Existing or more than 2 years old,EXEMPT,,,0,1,13,N,"1752 E Lombard St #2, Baltimore, MD, 21231",-76.59192879999999,39.2906041,
20230930,7A,Detrich's Auto Body Shop Inc.,8012 Fort Smallwood Rd,Baltimore,MD,21226,The Bank of Glen Burnie,16820,NA,101 Crain Hwy SE,GLEN BURNIE,MD,21061,825000,618750,01/31/2020,2020,03/31/2020,OTH 7A,Guaranty,5.75,240,811121,"Automotive Body, Paint, and Interior Repair and Maintenance",,,BALTIMORE CITY,MD,BALTIMORE DISTRICT OFFICE,2,CORPORATION,Change of Ownership,PIF,12/31/2021,,0,0,8,N,"8012 Fort Smallwood Rd, Baltimore, MD, 21226",-76.5332664,39.1693432,
20230930,7A,Sonj&#xe9; Productions LLC,1720 North Calvert St,Baltimore,MD,21202,Manufacturers and Traders Trust Company,588,NA,"One M & T Plaza, 15th Fl",BUFFALO,NY,14203,10000,5000,02/04/2020,2020,02/29/2020,SBA EXPRES,FA$TRK (Small Loan Express),11.25,120,711320,"Promoters of Performing Arts, Sports, and Similar Events without Facil",,,BALTIMORE CITY,MD,BALTIMORE DISTRICT OFFICE,3,PARTNERSHIP,Existing or more than 2 years old,EXEMPT,,,0,1,2,N,"1720 North Calvert St, Baltimore, MD, 21202",-76.6138789,39.3094856,
20230930,7A,BLACKSTONE MATERIALS LLC,2412 Pelham Ave,Baltimore,MD,21213,Truist Bank,9846,NA,214 N Tryon St,CHARLOTTE,NC,28202,150000,75000,02/10/2020,2020,02/29/2020,SBA EXPRES,FA$TRK (Small Loan Express),7.45,84,237310,"Highway, Street, and Bridge Construction",,,BALTIMORE CITY,MD,BALTIMORE DISTRICT OFFICE,2,CORPORATION,Existing or more than 2 years old,PIF,04/30/2022,,0,0,16,N,"2412 Pelham Ave, Baltimore, MD, 21213",-76.5768579,39.3289063,
20230930,7A,DELFI INC,9605 Pulaksi Hwy,Baltimore,MD,21220,Manufacturers and Traders Trust Company,588,NA,"One M & T Plaza, 15th Fl",BUFFALO,NY,14203,100000,50000,02/11/2020,2020,02/13/2020,SBA EXPRES,FA$TRK (Small Loan Express),9.25,120,722511,Full-Service Restaurants,,,BALTIMORE,MD,BALTIMORE DISTRICT OFFICE,2,CORPORATION,Existing or more than 2 years old,EXEMPT,,,0,1,0,N,"9605 Pulaksi Hwy, Baltimore, MD, 21220",-76.4533764,39.3532245,
20230930,7A,BIM Technologies Inc.,7005 Golden Ring Rd,Baltimore,MD,21237,"CRF Small Business Loan Company, LLC",NA,NA,801 Nicollet Mall,MINNEAPOLIS,MN,55402,2091000,1568250,02/11/2020,2020,03/31/2020,PLP,Guaranty,7.5,300,541330,Engineering Services,,,BALTIMORE,MD,BALTIMORE DISTRICT OFFICE,2,CORPORATION,Existing or more than 2 years old,PIF,07/31/2023,,0,0,15,Y,"7005 Golden Ring Rd, Baltimore, MD, 21237",-76.4913244,39.3319046,
20230930,7A,Gregson IP Law LLC,951 Fell Street,Baltimore,MD,21231,"TD Bank, National Association",18409,NA,2035 Limestone Rd,WILMINGTON,DE,19808,25000,12500,02/13/2020,2020,02/29/2020,SBA EXPRES,FA$TRK (Small Loan Express),10.88,120,541110,Offices of Lawyers,,,BALTIMORE CITY,MD,BALTIMORE DISTRICT OFFICE,2,CORPORATION,Unanswered,EXEMPT,,,0,1,2,N,"951 Fell Street, Baltimore, MD, 21231",-76.5883745,39.28056960000001,
20230930,7A,Jump Quick Ventures LLC,5851 York Rd,Baltimore,MD,21212,Manufacturers and Traders Trust Company,588,NA,"One M & T Plaza, 15th Fl",BUFFALO,NY,14203,20000,10000,02/14/2020,2020,03/31/2020,SBA EXPRES,FA$TRK (Small Loan Express),11.25,80,451212,News Dealers and Newsstands,,,BALTIMORE CITY,MD,BALTIMORE DISTRICT OFFICE,2,CORPORATION,Unanswered,EXEMPT,,,0,0,2,N,"5851 York Rd, Baltimore, MD, 21212",-76.6096577,39.3632372,
20230930,7A,CAMM CONCRETE LLC,3 S Janney St,Baltimore,MD,21224,Manufacturers and Traders Trust Company,588,NA,"One M & T Plaza, 15th Fl",BUFFALO,NY,14203,250000,125000,02/20/2020,2020,03/19/2020,SBA EXPRES,FA$TRK (Small Loan Express),9.25,120,238110,Poured Concrete Foundation and Structure Contractors,,,BALTIMORE CITY,MD,BALTIMORE DISTRICT OFFICE,2,CORPORATION,Existing or more than 2 years old,EXEMPT,,,0,1,15,N,"3 S Janney St, Baltimore, MD, 21224",-76.560586,39.2924785,
20230930,7A,Bolton Therapy &amp; Wellness,1534 BOLTON ST,Baltimore,MD,21217,Manufacturers and Traders Trust Company,588,NA,"One M & T Plaza, 15th Fl",BUFFALO,NY,14203,70000,35000,02/24/2020,2020,03/10/2020,SBA EXPRES,FA$TRK (Small Loan Express),6.25,84,621330,Offices of Mental Health Practitioners (except Physicians),,,BALTIMORE CITY,MD,BALTIMORE DISTRICT OFFICE,7,INDIVIDUAL,Existing or more than 2 years old,EXEMPT,,,0,0,6,N,"1534 BOLTON ST, Baltimore, MD, 21217",-76.6270328,39.3074434,
20230930,7A,Bolton Therapy &amp; Wellness,1534 BOLTON ST,Baltimore,MD,21217,Manufacturers and Traders Trust Company,588,NA,"One M & T Plaza, 15th Fl",BUFFALO,NY,14203,20000,10000,02/24/2020,2020,04/30/2020,SBA EXPRES,FA$TRK (Small Loan Express),9.75,120,621330,Offices of Mental Health Practitioners (except Physicians),,,BALTIMORE CITY,MD,BALTIMORE DISTRICT OFFICE,7,INDIVIDUAL,Existing or more than 2 years old,EXEMPT,,,0,1,6,N,"1534 BOLTON ST, Baltimore, MD, 21217",-76.6270328,39.3074434,
20230930,7A,Clarity Eye Care LLC,6080 Falls Road,Baltimore,MD,21209,Manufacturers and Traders Trust Company,588,NA,"One M & T Plaza, 15th Fl",BUFFALO,NY,14203,450000,337500,03/02/2020,2020,04/24/2020,PLP,Guaranty,6.75,126,621320,Offices of Optometrists,,,BALTIMORE CITY,MD,BALTIMORE DISTRICT OFFICE,3,CORPORATION,"Startup, Loan Funds will Open Business",EXEMPT,,,0,0,3,Y,"6080 Falls Road, Baltimore, MD, 21209",-76.6505971,39.3732429,
20230930,7A,ALL INTERIORS REPAIR CONTRACTO,5414 Belair Rd,Baltimore,MD,21206,Manufacturers and Traders Trust Company,588,NA,"One M & T Plaza, 15th Fl",BUFFALO,NY,14203,30000,15000,03/03/2020,2020,04/30/2020,SBA EXPRES,FA$TRK (Small Loan Express),11.25,120,236118,Residential Remodelers,,,BALTIMORE CITY,MD,BALTIMORE DISTRICT OFFICE,2,CORPORATION,Existing or more than 2 years old,EXEMPT,,,0,1,0,N,"5414 Belair Rd, Baltimore, MD, 21206",-76.5511408,39.3388064,
20230930,7A,Big Boy Transportation LLC,501 North Kresson St,Baltimore,MD,21224,Manufacturers and Traders Trust Company,588,NA,"One M & T Plaza, 15th Fl",BUFFALO,NY,14203,100000,50000,03/03/2020,2020,03/09/2020,SBA EXPRES,FA$TRK (Small Loan Express),5.75,66,484110,"General Freight Trucking, Local",,,BALTIMORE CITY,MD,BALTIMORE DISTRICT OFFICE,2,CORPORATION,Existing or more than 2 years old,PIF,06/30/2022,,0,0,0,N,"501 North Kresson St, Baltimore, MD, 21224",-76.5591697,39.2972786,
20230930,7A,Norwood Enterprises LLC,2930 W Mosher St,Baltimore,MD,21216,Manufacturers and Traders Trust Company,588,NA,"One M & T Plaza, 15th Fl",BUFFALO,NY,14203,15000,7500,03/10/2020,2020,05/31/2020,SBA EXPRES,FA$TRK (Small Loan Express),11.25,40,484220,"Specialized Freight (except Used Goods) Trucking, Local",,,BALTIMORE CITY,MD,BALTIMORE DISTRICT OFFICE,7,CORPORATION,Existing or more than 2 years old,CHGOFF,,12/21/2022,8768,0,2,N,"2930 W Mosher St, Baltimore, MD, 21216",-76.66657219999999,39.299333,
20230930,7A,Antron Corporation,108 Ridgeway Rd,Baltimore,MD,21210,"Bank of America, National Association",3510,NA,"100 N Tryon St, Ste 170",CHARLOTTE,NC,28202,250000,125000,03/16/2020,2020,03/31/2020,SBA EXPRES,FA$TRK (Small Loan Express),5.11,72,237110,Water and Sewer Line and Related Structures Construction,,,BALTIMORE CITY,MD,BALTIMORE DISTRICT OFFICE,3,CORPORATION,Existing or more than 2 years old,EXEMPT,,,0,0,2,N,"108 Ridgeway Rd, Baltimore, MD, 21210",-76.6380673,39.3440799,
20230930,7A,VICTOIRE HEALTH SERVICES INC,6211 Harford RD,Baltimore,MD,21214,Manufacturers and Traders Trust Company,588,NA,"One M & T Plaza, 15th Fl",BUFFALO,NY,14203,40000,20000,03/17/2020,2020,03/31/2020,SBA EXPRES,FA$TRK (Small Loan Express),9.25,120,621610,Home Health Care Services,,,BALTIMORE CITY,MD,BALTIMORE DISTRICT OFFICE,2,CORPORATION,Existing or more than 2 years old,EXEMPT,,,0,1,50,N,"6211 Harford RD, Baltimore, MD, 21214",-76.5549365,39.3595013,
20230930,7A,overlea Dental,6411 Belair Rd,Baltimore,MD,21206,Manufacturers and Traders Trust Company,588,NA,"One M & T Plaza, 15th Fl",BUFFALO,NY,14203,25000,12500,03/20/2020,2020,04/30/2020,SBA EXPRES,FA$TRK (Small Loan Express),11.25,120,621210,Offices of Dentists,,,BALTIMORE CITY,MD,BALTIMORE DISTRICT OFFICE,2,CORPORATION,Unanswered,EXEMPT,,,0,1,7,N,"6411 Belair Rd, Baltimore, MD, 21206",-76.53287089999999,39.3525019,
20230930,7A,Odell&apos;s LLC,1340 Meridene Dr,Baltimore,MD,21239,Manufacturers and Traders Trust Company,588,NA,"One M & T Plaza, 15th Fl",BUFFALO,NY,14203,10000,5000,03/24/2020,2020,,SBA EXPRES,FA$TRK (Small Loan Express),11.25,120,711320,"Promoters of Performing Arts, Sports, and Similar Events without Facil",,,BALTIMORE CITY,MD,BALTIMORE DISTRICT OFFICE,2,CORPORATION,Existing or more than 2 years old,COMMIT,,,0,1,1,N,"1340 Meridene Dr, Baltimore, MD, 21239",-76.5875667,39.3684835,
20230930,7A,DJ&apos;SNE LLC,605 C Reisterstown Rd,Baltimore,MD,21208,Manufacturers and Traders Trust Company,588,NA,"One M & T Plaza, 15th Fl",BUFFALO,NY,14203,75000,37500,03/24/2020,2020,04/01/2020,SBA EXPRES,FA$TRK (Small Loan Express),9.25,120,423940,"Jewelry, Watch, Precious Stone, and Precious Metal Merchant Wholesaler",,,BALTIMORE,MD,BALTIMORE DISTRICT OFFICE,2,CORPORATION,Existing or more than 2 years old,EXEMPT,,,0,1,1,N,"605 C Reisterstown Rd, Baltimore, MD, 21208",-76.71784889999999,39.3694458,
20230930,7A,Thread Coffee Roasters Inc.,1400 Greenmount Ave,Baltimore,MD,21202,Manufacturers and Traders Trust Company,588,NA,"One M & T Plaza, 15th Fl",BUFFALO,NY,14203,35000,17500,03/26/2020,2020,08/31/2020,SBA EXPRES,FA$TRK (Small Loan Express),8.5,120,722515,Snack and Nonalcoholic Beverage Bars,,,BALTIMORE CITY,MD,BALTIMORE DISTRICT OFFICE,3,CORPORATION,Unanswered,EXEMPT,,,0,1,0,N,"1400 Greenmount Ave, Baltimore, MD, 21202",-76.6089188,39.30613839999999,
20230930,7A,Stone's Throw Hash LLC,5609 Hess Ave,Baltimore,MD,21212,Manufacturers and Traders Trust Company,588,NA,"One M & T Plaza, 15th Fl",BUFFALO,NY,14203,95000,47500,03/26/2020,2020,06/22/2020,SBA EXPRES,FA$TRK (Small Loan Express),8,84,722330,Mobile Food Services,,,BALTIMORE CITY,MD,BALTIMORE DISTRICT OFFICE,2,CORPORATION,Unanswered,PIF,01/31/2023,,0,0,3,N,"5609 Hess Ave, Baltimore, MD, 21212",-76.6107368,39.3581217,
20230930,7A,Stone's Throw Hash LLC,5609 Hess Ave,Baltimore,MD,21212,Manufacturers and Traders Trust Company,588,NA,"One M & T Plaza, 15th Fl",BUFFALO,NY,14203,15000,7500,03/26/2020,2020,11/30/2020,SBA EXPRES,FA$TRK (Small Loan Express),8.5,120,722330,Mobile Food Services,,,BALTIMORE CITY,MD,BALTIMORE DISTRICT OFFICE,2,CORPORATION,Unanswered,EXEMPT,,,0,1,3,N,"5609 Hess Ave, Baltimore, MD, 21212",-76.6107368,39.3581217,
20230930,7A,Schulman Hershfield & Gilden P,One E Pratt St Suite 904,Baltimore,MD,21202,Manufacturers and Traders Trust Company,588,NA,"One M & T Plaza, 15th Fl",BUFFALO,NY,14203,75000,37500,04/01/2020,2020,,SBA EXPRES,FA$TRK (Small Loan Express),9.25,60,541110,Offices of Lawyers,,,BALTIMORE CITY,MD,BALTIMORE DISTRICT OFFICE,3,CORPORATION,Existing or more than 2 years old,CANCLD,,,0,0,7,,"One E Pratt St Suite 904, Baltimore, MD, 21202",-76.5760374,39.2899347,
20230930,7A,Arch Systems LLC,1800 Washington Blvd Suite 421,Baltimore,MD,21230,Manufacturers and Traders Trust Company,588,NA,"One M & T Plaza, 15th Fl",BUFFALO,NY,14203,750000,562500,04/08/2020,2020,08/28/2020,PLP,Guaranty,5.5,90,541519,Other Computer Related Services,,,BALTIMORE CITY,MD,BALTIMORE DISTRICT OFFICE,2,CORPORATION,Existing or more than 2 years old,EXEMPT,,,0,0,13,Y,"1800 Washington Blvd Suite 421, Baltimore, MD, 21230",-76.6440763,39.276125,
20230930,7A,panormitis,719 S Broadway,Baltimore,MD,21231,Manufacturers and Traders Trust Company,588,NA,"One M & T Plaza, 15th Fl",BUFFALO,NY,14203,40000,20000,04/09/2020,2020,04/30/2020,SBA EXPRES,FA$TRK (Small Loan Express),9.75,120,722511,Full-Service Restaurants,,,BALTIMORE CITY,MD,BALTIMORE DISTRICT OFFICE,2,CORPORATION,Existing or more than 2 years old,EXEMPT,,,0,1,9,N,"719 S Broadway, Baltimore, MD, 21231",-76.5929226,39.2830634,
20230930,7A,Benneitti Inc.,1061 Maiden Choice Ln,Baltimore,MD,21229,Manufacturers and Traders Trust Company,588,NA,"One M & T Plaza, 15th Fl",BUFFALO,NY,14203,100200,50100,04/14/2020,2020,04/20/2020,SBA EXPRES,FA$TRK (Small Loan Express),7.49,60,722513,Limited-Service Restaurants,,,BALTIMORE CITY,MD,BALTIMORE DISTRICT OFFICE,3,CORPORATION,Existing or more than 2 years old,EXEMPT,,,0,0,9,,"1061 Maiden Choice Ln, Baltimore, MD, 21229",-76.6954878,39.2623726,
20230930,7A,All Class Realty LLC,2833 Smith Ave Suite 300,Baltimore,MD,21209,Manufacturers and Traders Trust Company,588,NA,"One M & T Plaza, 15th Fl",BUFFALO,NY,14203,15000,7500,04/23/2020,2020,05/31/2020,SBA EXPRES,FA$TRK (Small Loan Express),9.75,120,531210,Offices of Real Estate Agents and Brokers,,,BALTIMORE CITY,MD,BALTIMORE DISTRICT OFFICE,3,CORPORATION,Existing or more than 2 years old,EXEMPT,,,0,1,1,,"2833 Smith Ave Suite 300, Baltimore, MD, 21209",-76.6910655,39.3745258,
20230930,7A,Dae kyoung inc,1205 Greenmount Ave,Baltimore,MD,21202,Manufacturers and Traders Trust Company,588,NA,"One M & T Plaza, 15th Fl",BUFFALO,NY,14203,35000,17500,04/24/2020,2020,12/31/2020,SBA EXPRES,FA$TRK (Small Loan Express),9.75,120,445110,Supermarkets and Other Grocery (except Convenience) Stores,,,BALTIMORE CITY,MD,BALTIMORE DISTRICT OFFICE,3,CORPORATION,Existing or more than 2 years old,EXEMPT,,,0,1,0,,"1205 Greenmount Ave, Baltimore, MD, 21202",-76.6077014,39.3039586,
20230930,7A,BREWERS HILL CLEANERS INC,3700 Toone St Suite F,Baltimore,MD,21224,Manufacturers and Traders Trust Company,588,NA,"One M & T Plaza, 15th Fl",BUFFALO,NY,14203,75000,37500,05/01/2020,2020,05/15/2020,SBA EXPRES,FA$TRK (Small Loan Express),7.25,60,812320,Drycleaning and Laundry Services (except Coin-Operated),,,BALTIMORE CITY,MD,BALTIMORE DISTRICT OFFICE,2,CORPORATION,Existing or more than 2 years old,EXEMPT,,,0,0,0,,"3700 Toone St Suite F, Baltimore, MD, 21224",-76.564469,39.2786812,
20230930,7A,iDesignBuild LLC,3349 Keswick Rd,Baltimore,MD,21211,Manufacturers and Traders Trust Company,588,NA,"One M & T Plaza, 15th Fl",BUFFALO,NY,14203,100000,50000,05/12/2020,2020,06/04/2020,SBA EXPRES,FA$TRK (Small Loan Express),7.75,120,236115,New Single-Family Housing Construction (except Operative Builders),,,BALTIMORE CITY,MD,BALTIMORE DISTRICT OFFICE,3,CORPORATION,Existing or more than 2 years old,PIF,12/31/2021,,0,1,14,N,"3349 Keswick Rd, Baltimore, MD, 21211",-76.6276091,39.3281591,
20230930,7A,SHOYOU INC.,1450 Light St,Baltimore,MD,21230,Manufacturers and Traders Trust Company,588,NA,"One M & T Plaza, 15th Fl",BUFFALO,NY,14203,75000,37500,05/14/2020,2020,06/30/2020,SBA EXPRES,FA$TRK (Small Loan Express),7.75,120,722513,Limited-Service Restaurants,,,BALTIMORE CITY,MD,BALTIMORE DISTRICT OFFICE,2,CORPORATION,Existing or more than 2 years old,EXEMPT,,,0,1,1,,"1450 Light St, Baltimore, MD, 21230",-76.6119562,39.2729066,
20230930,7A,Atlantic Imprints Inc.,6240 Frankford Ave,Baltimore,MD,21206,Manufacturers and Traders Trust Company,588,NA,"One M & T Plaza, 15th Fl",BUFFALO,NY,14203,100000,50000,06/08/2020,2020,06/18/2020,SBA EXPRES,FA$TRK (Small Loan Express),7.25,60,327215,Glass Product Manufacturing Made of Purchased Glass,,,BALTIMORE CITY,MD,BALTIMORE DISTRICT OFFICE,2,CORPORATION,Existing or more than 2 years old,EXEMPT,,,0,0,38,,"6240 Frankford Ave, Baltimore, MD, 21206",-76.53816309999999,39.3177347,
20230930,7A,Kashmir USA Inc.,3109 Lorena Ave,Baltimore,MD,21230,Manufacturers and Traders Trust Company,588,NA,"One M & T Plaza, 15th Fl",BUFFALO,NY,14203,15200,7600,07/08/2020,2020,07/31/2020,SBA EXPRES,FA$TRK (Small Loan Express),8.99,60,423990,Other Miscellaneous Durable Goods Merchant Wholesalers,,,BALTIMORE CITY,MD,BALTIMORE DISTRICT OFFICE,2,CORPORATION,Existing or more than 2 years old,EXEMPT,,,0,0,4,,"3109 Lorena Ave, Baltimore, MD, 21230",-76.6534085,39.2543498,
20230930,7A,Vestir' LLC,2548 Druid Park Drive,Baltimore,MD,21215,Manufacturers and Traders Trust Company,588,NA,"One M & T Plaza, 15th Fl",BUFFALO,NY,14203,55200,27600,07/28/2020,2020,07/31/2020,SBA EXPRES,FA$TRK (Small Loan Express),7.49,60,454110,Electronic Shopping and Mail-Order Houses,,,BALTIMORE CITY,MD,BALTIMORE DISTRICT OFFICE,3,CORPORATION,Existing or more than 2 years old,PIF,06/30/2022,,0,0,1,,"2548 Druid Park Drive, Baltimore, MD, 21215",-76.6564896,39.3276113,
20230930,7A,G5 Real Estate LLC,101-103 N. Monastery Ave.,Baltimore,MD,21229,PCB Bank,57463,NA,"3701 Wilshire Blvd, Ste 900",LOS ANGELES,CA,90010,385500,289125,07/29/2020,2020,09/30/2020,PLP,Guaranty,5.25,300,445310,"Beer, Wine, and Liquor Stores",,,BALTIMORE CITY,MD,BALTIMORE DISTRICT OFFICE,3,CORPORATION,Existing or more than 2 years old,EXEMPT,,,0,0,2,Y,"101-103 N. Monastery Ave., Baltimore, MD, 21229",-76.6760291,39.2880733,
20230930,7A,Charm City Medical Center Inc,2220 Reisterstown Road,Baltimore,MD,21217,"Fulton Bank, National Association",7551,NA,One Penn Sq,LANCASTER,PA,17602,700000,350000,08/14/2020,2020,02/28/2021,SBA EXPRES,FA$TRK (Small Loan Express),4.75,48,621420,Outpatient Mental Health and Substance Abuse Centers,,,BALTIMORE CITY,MD,BALTIMORE DISTRICT OFFICE,7,CORPORATION,"Startup, Loan Funds will Open Business",COMMIT,,,0,1,27,,"2220 Reisterstown Road, Baltimore, MD, 21217",-76.64749139999999,39.3137321,
20230930,7A,Boaj LLC,2829 O&apos;Donnell St,Baltimore,MD,21224,Manufacturers and Traders Trust Company,588,NA,"One M & T Plaza, 15th Fl",BUFFALO,NY,14203,25000,12500,08/24/2020,2020,,SBA EXPRES,FA$TRK (Small Loan Express),9.75,120,722410,Drinking Places (Alcoholic Beverages),,,BALTIMORE CITY,MD,BALTIMORE DISTRICT OFFICE,2,CORPORATION,Existing or more than 2 years old,COMMIT,,,0,1,7,,"2829 O&apos;Donnell St, Baltimore, MD, 21224",NA,NA,
20230930,7A,Chang LLC,1506 S. Caton Ave.,Baltimore,MD,21227,PCB Bank,57463,NA,"3701 Wilshire Blvd, Ste 900",LOS ANGELES,CA,90010,1231000,923250,09/11/2020,2020,09/30/2020,PLP,Guaranty,4.25,300,445310,"Beer, Wine, and Liquor Stores",,,BALTIMORE,MD,BALTIMORE DISTRICT OFFICE,2,CORPORATION,Existing or more than 2 years old,EXEMPT,,,0,0,7,Y,"1506 S. Caton Ave., Baltimore, MD, 21227",-76.6658616,39.2614974,
20230930,7A,YG Trucking LLC,2136 DRUID PARK DR,Baltimore,MD,21211,Manufacturers and Traders Trust Company,588,NA,"One M & T Plaza, 15th Fl",BUFFALO,NY,14203,67000,33500,09/14/2020,2020,10/09/2020,SBA EXPRES,FA$TRK (Small Loan Express),7.5,60,484110,"General Freight Trucking, Local",,,BALTIMORE CITY,MD,BALTIMORE DISTRICT OFFICE,3,CORPORATION,Existing or more than 2 years old,PIF,02/28/2023,,0,0,0,,"2136 DRUID PARK DR, Baltimore, MD, 21211",-76.6500363,39.3317661,
20230930,7A,Infosec Learning Inc.,841 E. Fort Avenue #239,Baltimore,MD,21230,"immito, LLC",NA,NA,12650 W. 64th Avenue,Arvada,CO,80004,834000,625500,09/23/2020,2020,09/25/2020,PLP,Guaranty,6,120,611710,Educational Support Services,,,BALTIMORE CITY,MD,BALTIMORE DISTRICT OFFICE,2,CORPORATION,Existing or more than 2 years old,PIF,11/30/2022,,0,0,6,Y,"841 E. Fort Avenue #239, Baltimore, MD, 21230",-76.6020667,39.2717555,
20230930,7A,Howell East Baltimore LLC,3331 Brehms Lane,Baltimore,MD,21213,"Harvest Small Business Finance, LLC",NA,NA,24422 Avenida de la Carlota,Laguna Hills,CA,92653,737300,552975,09/23/2020,2020,10/31/2020,OTH 7A,Guaranty,5.5,300,812210,Funeral Homes and Funeral Services,,,BALTIMORE CITY,MD,BALTIMORE DISTRICT OFFICE,2,CORPORATION,Existing or more than 2 years old,EXEMPT,,,0,0,3,Y,"3331 Brehms Lane, Baltimore, MD, 21213",-76.5705344,39.3201779,
20230930,7A,Good Turn Contracting LLC,4017 FALLS RD 2ND FL,Baltimore,MD,21211,Manufacturers and Traders Trust Company,588,NA,"One M & T Plaza, 15th Fl",BUFFALO,NY,14203,75000,37500,10/05/2020,2021,10/06/2020,SBA EXPRES,FA$TRK (Small Loan Express),7,120,236118,Residential Remodelers,,,BALTIMORE CITY,MD,BALTIMORE DISTRICT OFFICE,3,CORPORATION,Existing or more than 2 years old,EXEMPT,,,0,1,1,,"4017 FALLS RD 2ND FL, Baltimore, MD, 21211",-76.63666429999999,39.3370764,
20230930,7A,Czapla Transport LLC,81 Cedar Chip Ct,Baltimore,MD,21234,Manufacturers and Traders Trust Company,588,NA,"One M & T Plaza, 15th Fl",BUFFALO,NY,14203,140000,70000,10/06/2020,2021,10/23/2020,SBA EXPRES,FA$TRK (Small Loan Express),5.5,120,484110,"General Freight Trucking, Local",,,BALTIMORE,MD,BALTIMORE DISTRICT OFFICE,1,CORPORATION,Existing or more than 2 years old,EXEMPT,,,0,0,0,,"81 Cedar Chip Ct, Baltimore, MD, 21234",-76.4827727,39.401264,
20230930,7A,S.J.S. FINANCIAL FIRM LLC,342 E 25th,Baltimore,MD,21218,"PeoplesBank, A Codorus Valley Company",13879,NA,105 Leader Heights Rd,YORK,PA,17403,117000,58500,10/14/2020,2021,12/23/2020,SBA EXPRES,FA$TRK (Small Loan Express),4.75,119,541213,Tax Preparation Services,,,BALTIMORE CITY,MD,BALTIMORE DISTRICT OFFICE,3,INDIVIDUAL,Existing or more than 2 years old,EXEMPT,,,0,0,3,Y,"342 E 25th, Baltimore, MD, 21218",-76.6115112,39.3183106,
20230930,7A,The Law Office of Emmett B. Ir,3224 EASTERN AVE,Baltimore,MD,21224,Manufacturers and Traders Trust Company,588,NA,"One M & T Plaza, 15th Fl",BUFFALO,NY,14203,80000,40000,10/15/2020,2021,10/23/2020,SBA EXPRES,FA$TRK (Small Loan Express),7.75,120,541110,Offices of Lawyers,,,BALTIMORE CITY,MD,BALTIMORE DISTRICT OFFICE,2,CORPORATION,Existing or more than 2 years old,EXEMPT,,,0,1,2,,"3224 EASTERN AVE, Baltimore, MD, 21224",-76.57064989999999,39.2866917,
20230930,7A,NDB Bio LLC,1301 Glendale Rd,Baltimore,MD,21239,Manufacturers and Traders Trust Company,588,NA,"One M & T Plaza, 15th Fl",BUFFALO,NY,14203,25000,12500,10/21/2020,2021,02/28/2021,SBA EXPRES,FA$TRK (Small Loan Express),5.5,120,541714,,,,BALTIMORE CITY,MD,BALTIMORE DISTRICT OFFICE,2,CORPORATION,Existing or more than 2 years old,EXEMPT,,,0,1,10,,"1301 Glendale Rd, Baltimore, MD, 21239",-76.5868622,39.3814239,
20230930,7A,NDB Bio LLC,1301 Glendale Rd,Baltimore,MD,21239,Manufacturers and Traders Trust Company,588,NA,"One M & T Plaza, 15th Fl",BUFFALO,NY,14203,200000,100000,10/21/2020,2021,12/09/2020,SBA EXPRES,FA$TRK (Small Loan Express),5.5,84,541714,,,,BALTIMORE CITY,MD,BALTIMORE DISTRICT OFFICE,2,CORPORATION,Existing or more than 2 years old,EXEMPT,,,0,0,10,,"1301 Glendale Rd, Baltimore, MD, 21239",-76.5868622,39.3814239,
20230930,7A,STEWART ENTERPRISE LLC,5013 FREDERICK AVE,Baltimore,MD,21229,Manufacturers and Traders Trust Company,588,NA,"One M & T Plaza, 15th Fl",BUFFALO,NY,14203,25000,12500,10/26/2020,2021,12/31/2020,SBA EXPRES,FA$TRK (Small Loan Express),6.5,35,484110,"General Freight Trucking, Local",,,BALTIMORE CITY,MD,BALTIMORE DISTRICT OFFICE,3,CORPORATION,Existing or more than 2 years old,CHGOFF,,08/28/2023,23889,0,2,,"5013 FREDERICK AVE, Baltimore, MD, 21229",-76.6974942,39.2811253,
20230930,7A,Mpolo business Solutions,636 N GILMOR STREET,Baltimore,MD,21217,Manufacturers and Traders Trust Company,588,NA,"One M & T Plaza, 15th Fl",BUFFALO,NY,14203,18000,9000,10/29/2020,2021,12/31/2020,SBA EXPRES,FA$TRK (Small Loan Express),6.5,120,541611,Administrative Management and General Management Consulting Services,,,BALTIMORE CITY,MD,BALTIMORE DISTRICT OFFICE,7,CORPORATION,Existing or more than 2 years old,EXEMPT,,,0,1,2,,"636 N GILMOR STREET, Baltimore, MD, 21217",-76.6430649,39.2963209,
20230930,7A,JOHENNCY INC,3529 E Fairmont Ave,Baltimore,MD,21224,Manufacturers and Traders Trust Company,588,NA,"One M & T Plaza, 15th Fl",BUFFALO,NY,14203,100000,50000,11/20/2020,2021,11/30/2020,SBA EXPRES,FA$TRK (Small Loan Express),5.75,120,722513,Limited-Service Restaurants,,,BALTIMORE CITY,MD,BALTIMORE DISTRICT OFFICE,2,CORPORATION,Existing or more than 2 years old,EXEMPT,,,0,1,0,,"3529 E Fairmont Ave, Baltimore, MD, 21224",-76.5679344,39.2935282,
20230930,7A,CARE MATTERS L.L.C.,3604 GRANTLEY RD  21215,Baltimore,MD,21215,Manufacturers and Traders Trust Company,588,NA,"One M & T Plaza, 15th Fl",BUFFALO,NY,14203,20000,10000,11/30/2020,2021,12/31/2020,SBA EXPRES,FA$TRK (Small Loan Express),9.75,120,621610,Home Health Care Services,,,BALTIMORE CITY,MD,BALTIMORE DISTRICT OFFICE,3,CORPORATION,Existing or more than 2 years old,EXEMPT,,,0,1,5,,"3604 GRANTLEY RD  21215, Baltimore, MD, 21215",-76.6752169,39.3289857,
20230930,7A,Lucky Oryes Inc.,1001 East 25Th Street,Baltimore,MD,21218,Hanmi Bank,24170,NA,"3660 Wilshire Blvd, PH-A",LOS ANGELES,CA,90010,647000,485250,12/07/2020,2021,,OTH 7A,Guaranty,5,120,445310,"Beer, Wine, and Liquor Stores",,,BALTIMORE CITY,MD,BALTIMORE DISTRICT OFFICE,3,CORPORATION,Change of Ownership,CANCLD,,,0,0,3,,"1001 East 25Th Street, Baltimore, MD, 21218",-76.59999619999999,39.3174761,
20230930,7A,KIDS COMMUNITY LLC,1034 WEDGEWOOD RD,Baltimore,MD,21229,Manufacturers and Traders Trust Company,588,NA,"One M & T Plaza, 15th Fl",BUFFALO,NY,14203,10000,5000,12/09/2020,2021,01/31/2021,SBA EXPRES,FA$TRK (Small Loan Express),9.75,120,624410,Child Day Care Services,,,BALTIMORE CITY,MD,BALTIMORE DISTRICT OFFICE,3,INDIVIDUAL,Existing or more than 2 years old,EXEMPT,,,0,1,6,,"1034 WEDGEWOOD RD, Baltimore, MD, 21229",-76.71010849999999,39.2973813,
20230930,7A,Spark Point Fundraising,4816 Keswick Rd,Baltimore,MD,21210,Manufacturers and Traders Trust Company,588,NA,"One M & T Plaza, 15th Fl",BUFFALO,NY,14203,60000,30000,12/21/2020,2021,12/22/2020,SBA EXPRES,FA$TRK (Small Loan Express),7.75,120,813219,Other Grantmaking and Giving Services,,,BALTIMORE CITY,MD,BALTIMORE DISTRICT OFFICE,3,CORPORATION,Existing or more than 2 years old,PIF,07/31/2023,,0,1,1,,"4816 Keswick Rd, Baltimore, MD, 21210",-76.6309148,39.3515867,
20230930,7A,Spark Point Fundraising LLC,4816 Keswick Rd,Baltimore,MD,21210,Manufacturers and Traders Trust Company,588,NA,"One M & T Plaza, 15th Fl",BUFFALO,NY,14203,10000,5000,01/27/2021,2021,,SBA EXPRES,FA$TRK (Small Loan Express),8,60,813219,Other Grantmaking and Giving Services,,,BALTIMORE CITY,MD,BALTIMORE DISTRICT OFFICE,3,CORPORATION,Existing or more than 2 years old,EXEMPT,,,0,0,1,,"4816 Keswick Rd, Baltimore, MD, 21210",-76.6309148,39.3515867,
20230930,7A,Mount Royal Soaps LLC,2740 Huntingdon Avenue Unit,Baltimore,MD,21211,BayVanguard Bank,32527,NA,7114 N Point Rd,BALTIMORE,MD,21219,265000,238500,02/16/2021,2021,05/26/2021,OTH 7A,Guaranty,6,84,339999,All Other Miscellaneous Manufacturing,,,BALTIMORE CITY,MD,BALTIMORE DISTRICT OFFICE,3,CORPORATION,Existing or more than 2 years old,EXEMPT,,,0,0,3,,"2740 Huntingdon Avenue Unit, Baltimore, MD, 21211",-76.62283610000001,39.3204387,
20230930,7A,Ingenuity Consulting Solutions,1232 West Lafayette Ave Suit,Baltimore,MD,21217,Manufacturers and Traders Trust Company,588,NA,"One M & T Plaza, 15th Fl",BUFFALO,NY,14203,30000,15000,03/02/2021,2021,03/31/2021,SBA EXPRES,FA$TRK (Small Loan Express),9.75,120,611430,Professional and Management Development Training,,,BALTIMORE CITY,MD,BALTIMORE DISTRICT OFFICE,7,CORPORATION,Existing or more than 2 years old,EXEMPT,,,0,1,5,,"1232 West Lafayette Ave Suit, Baltimore, MD, 21217",-76.6384509,39.2992202,
20230930,7A,POWELL ACCOUNTING SERVICES LLC,3323 LEIGHTON AVE,Baltimore,MD,21215,Manufacturers and Traders Trust Company,588,NA,"One M & T Plaza, 15th Fl",BUFFALO,NY,14203,60000,30000,03/02/2021,2021,03/04/2021,SBA EXPRES,FA$TRK (Small Loan Express),7.49,60,541211,Offices of Certified Public Accountants,,,BALTIMORE CITY,MD,BALTIMORE DISTRICT OFFICE,3,CORPORATION,Existing or more than 2 years old,EXEMPT,,,0,0,2,,"3323 LEIGHTON AVE, Baltimore, MD, 21215",-76.6588989,39.3189402,
20230930,7A,Junu Foods Inc,4100 Falls Road,Baltimore,MD,21211,"Fulton Bank, National Association",7551,NA,One Penn Sq,LANCASTER,PA,17602,306000,275400,03/16/2021,2021,03/31/2021,PLP,Guaranty,6,300,722513,Limited-Service Restaurants,,,BALTIMORE CITY,MD,BALTIMORE DISTRICT OFFICE,3,CORPORATION,"Startup, Loan Funds will Open Business",EXEMPT,,,0,0,5,Y,"4100 Falls Road, Baltimore, MD, 21211",-76.63769510000002,39.3376364,
20230930,7A,Pinewood Investment LLC,1041 Greenmount Ave.,Baltimore,MD,21202,PCB Bank,57463,NA,"3701 Wilshire Blvd, Ste 900",LOS ANGELES,CA,90010,423000,380700,03/19/2021,2021,04/07/2021,OTH 7A,Guaranty,5.5,180,445310,"Beer, Wine, and Liquor Stores",,,BALTIMORE CITY,MD,BALTIMORE DISTRICT OFFICE,3,CORPORATION,Change of Ownership,EXEMPT,,,0,0,2,Y,"1041 Greenmount Ave., Baltimore, MD, 21202",-76.6073528,39.3024042,
20230930,7A,THE A EXPERIENCE LLC,4414 VALLEY VIEW AVE,Baltimore,MD,21206,Manufacturers and Traders Trust Company,588,NA,"One M & T Plaza, 15th Fl",BUFFALO,NY,14203,7500,3750,03/22/2021,2021,03/30/2021,SBA EXPRES,FA$TRK (Small Loan Express),9.75,120,713940,Fitness and Recreational Sports Centers,,,BALTIMORE,MD,BALTIMORE DISTRICT OFFICE,2,CORPORATION,Existing or more than 2 years old,COMMIT,,,0,1,2,,"4414 VALLEY VIEW AVE, Baltimore, MD, 21206",-76.5529098,39.33255760000001,
20230930,7A,Charm City Roofing LLC,4701 LEEDS AVE,Baltimore,MD,21227,Manufacturers and Traders Trust Company,588,NA,"One M & T Plaza, 15th Fl",BUFFALO,NY,14203,86400,64800,04/15/2021,2021,04/22/2021,SBA EXPRES,FA$TRK (Small Loan Express),6.5,60,238160,Roofing Contractors,,,BALTIMORE,MD,BALTIMORE DISTRICT OFFICE,2,CORPORATION,Existing or more than 2 years old,EXEMPT,,,0,0,0,,"4701 LEEDS AVE, Baltimore, MD, 21227",-76.6904789,39.2581143,
20230930,7A,Stone Soup Counseling LLC,6072 Falls Road,Baltimore,MD,21209,"Fulton Bank, National Association",7551,NA,One Penn Sq,LANCASTER,PA,17602,459000,413100,05/10/2021,2021,05/31/2021,PLP,Guaranty,6,303,621330,Offices of Mental Health Practitioners (except Physicians),,,BALTIMORE CITY,MD,BALTIMORE DISTRICT OFFICE,3,CORPORATION,New Business or 2 years or less,CANCLD,,,0,0,8,,"6072 Falls Road, Baltimore, MD, 21209",-76.6503243,39.3729023,
20230930,7A,Adee's LLC,1625 Fleet Street,Baltimore,MD,21231,"Fulton Bank, National Association",7551,NA,One Penn Sq,LANCASTER,PA,17602,88000,79200,05/26/2021,2021,06/10/2021,PLP,Guaranty,6,132,722515,Snack and Nonalcoholic Beverage Bars,,,BALTIMORE CITY,MD,BALTIMORE DISTRICT OFFICE,2,CORPORATION,"Startup, Loan Funds will Open Business",EXEMPT,,,0,0,6,Y,"1625 Fleet Street, Baltimore, MD, 21231",-76.59414699999999,39.2844228,
20230930,7A,UNKNOWN STUDIO LANDSCAPE ARCHI,413 E 31ST,Baltimore,MD,21218,Manufacturers and Traders Trust Company,588,NA,"One M & T Plaza, 15th Fl",BUFFALO,NY,14203,50000,25000,06/01/2021,2021,06/30/2021,SBA EXPRES,FA$TRK (Small Loan Express),7.75,120,541320,Landscape Architectural Services,,,BALTIMORE CITY,MD,BALTIMORE DISTRICT OFFICE,3,CORPORATION,Existing or more than 2 years old,PIF,08/31/2023,,0,1,2,,"413 E 31ST, Baltimore, MD, 21218",-76.6103296,39.3258512,
20230930,7A,Avideon CRM LLC,3355 Keswick Road,Baltimore,MD,21211,"Fulton Bank, National Association",7551,NA,One Penn Sq,LANCASTER,PA,17602,30000,22500,06/29/2021,2021,06/30/2021,SBA EXPRES,FA$TRK (Small Loan Express),9.75,120,518210,"Data Processing, Hosting, and Related Services",,,BALTIMORE CITY,MD,BALTIMORE DISTRICT OFFICE,3,CORPORATION,Existing or more than 2 years old,CANCLD,,,0,1,10,,"3355 Keswick Road, Baltimore, MD, 21211",-76.62746589999999,39.328525,
20230930,7A,Heart To Heart LLC,1026 W Fayette St,Baltimore,MD,21223,CDC Small Business Finance Corporation,NA,NA,2448 Historic Decatur Road,San Diego,CA,92106,20000,18000,07/27/2021,2021,07/31/2021,CA,Community Advantage Initiative,8,120,611699,All Other Miscellaneous Schools and Instruction,,,BALTIMORE CITY,MD,BALTIMORE DISTRICT OFFICE,3,INDIVIDUAL,Existing or more than 2 years old,EXEMPT,,,0,0,0,Y,"1026 W Fayette St, Baltimore, MD, 21223",-76.63464499999999,39.290026,
20230930,7A,SUKU LLC,2426 Saint Paul St,Baltimore,MD,21218,PCB Bank,57463,NA,"3701 Wilshire Blvd, Ste 900",LOS ANGELES,CA,90010,892000,802800,07/28/2021,2021,07/31/2021,PLP,Guaranty,5,300,445310,"Beer, Wine, and Liquor Stores",,,BALTIMORE CITY,MD,BALTIMORE DISTRICT OFFICE,3,CORPORATION,New Business or 2 years or less,EXEMPT,,,0,0,3,Y,"2426 Saint Paul St, Baltimore, MD, 21218",-76.6156153,39.3171954,
20230930,7A,Marketing Made Easy 4U LLC,809 North Howard Street,Baltimore,MD,21201,"Fulton Bank, National Association",7551,NA,One Penn Sq,LANCASTER,PA,17602,1138500,1024650,08/04/2021,2021,08/31/2021,PLP,Guaranty,6,315,454390,Other Direct Selling Establishments,,,BALTIMORE CITY,MD,BALTIMORE DISTRICT OFFICE,3,CORPORATION,Existing or more than 2 years old,EXEMPT,,,0,0,5,,"809 North Howard Street, Baltimore, MD, 21201",-76.6197624,39.2987739,
20230930,7A,BLM Hospitality LLC,6510 Frankford Ave.,Baltimore,MD,21206,Republic First Bank d/b/a Republic Bank,27332,NA,"50 S 16th St, Ste 2400",PHILADELPHIA,PA,19102,4150000,3735000,09/09/2021,2021,12/03/2021,PLP,Guaranty,5.5,300,721110,Hotels (except Casino Hotels) and Motels,S0042,AMERICA'S BEST INNS & SUITES,BALTIMORE CITY,MD,BALTIMORE DISTRICT OFFICE,2,CORPORATION,New Business or 2 years or less,EXEMPT,,,0,0,20,Y,"6510 Frankford Ave., Baltimore, MD, 21206",-76.5414747,39.3136732,
20230930,7A,TJK Services Inc.,8012 FORT SMALLWOOD RD,Baltimore,MD,21226,Berkshire Bank,23621,NA,99 North St,PITTSFIELD,MA,1201,690000,621000,09/16/2021,2021,10/31/2021,PLP,Guaranty,6,300,811121,"Automotive Body, Paint, and Interior Repair and Maintenance",,,ANNE ARUNDEL,MD,BALTIMORE DISTRICT OFFICE,2,CORPORATION,"Startup, Loan Funds will Open Business",EXEMPT,,,0,0,8,Y,"8012 FORT SMALLWOOD RD, Baltimore, MD, 21226",-76.5332664,39.1693432,
20230930,7A,Best RVB Inc.,1001 East  25Th Street,Baltimore,MD,21218,Hanmi Bank,24170,NA,"3660 Wilshire Blvd, PH-A",LOS ANGELES,CA,90010,1685000,1263750,10/06/2021,2022,10/25/2021,OTH 7A,Guaranty,5,180,445310,"Beer, Wine, and Liquor Stores",,,BALTIMORE CITY,MD,BALTIMORE DISTRICT OFFICE,3,CORPORATION,Change of Ownership,EXEMPT,,,0,0,6,Y,"1001 East  25Th Street, Baltimore, MD, 21218",-76.59999619999999,39.3174761,
20230930,7A,Baltimore Adult Medical Day Ce,800 S Caton Avenue,Baltimore,MD,21229,Celtic Bank Corporation,57056,NA,"268 S State St, Ste 300",SALT LAKE CITY,UT,84111,1681500,1261125,10/26/2021,2022,10/31/2021,PLP,Guaranty,6,300,624120,Services for the Elderly and Persons with Disabilities,,,BALTIMORE CITY,MD,BALTIMORE DISTRICT OFFICE,3,CORPORATION,"Startup, Loan Funds will Open Business",EXEMPT,,,0,0,25,Y,"800 S Caton Avenue, Baltimore, MD, 21229",-76.6720423,39.2750909,
20230930,7A,Cafe Millwork LLC,1822 Worcester Street,Baltimore,MD,21230,"Readycap Lending, LLC",NA,NA,200 Connell Drive,BERKELEY HEIGHTS,NJ,7922,1213000,909750,12/07/2021,2022,12/30/2021,PLP,Guaranty,5.75,300,337212,Custom Architectural Woodwork and Millwork Manufacturing,,,BALTIMORE CITY,MD,BALTIMORE DISTRICT OFFICE,2,CORPORATION,New Business or 2 years or less,EXEMPT,,,0,0,6,Y,"1822 Worcester Street, Baltimore, MD, 21230",-76.6290689,39.2752234,
20230930,7A,C & A Min Inc,3949 Erdman Ave,Baltimore,MD,21213,"Fulton Bank, National Association",7551,NA,One Penn Sq,LANCASTER,PA,17602,7500,3750,01/20/2022,2022,01/31/2022,SBA EXPRES,FA$TRK (Small Loan Express),9.75,120,445120,Convenience Stores,,,BALTIMORE CITY,MD,BALTIMORE DISTRICT OFFICE,2,CORPORATION,Existing or more than 2 years old,EXEMPT,,,0,1,2,,"3949 Erdman Ave, Baltimore, MD, 21213",-76.56929029999999,39.3141195,
20230930,7A,DMAC SECURITY LLC,1340 Smith Ave,Baltimore,MD,21209,Dogwood State Bank,57095,NA,5401 Six Forks Rd,RALEIGH,NC,27609,1517000,1137750,02/02/2022,2022,04/01/2022,PLP,Guaranty,6,120,561612,Security Guards and Patrol Services,,,BALTIMORE CITY,MD,BALTIMORE DISTRICT OFFICE,3,CORPORATION,Change of Ownership,EXEMPT,,,0,0,168,Y,"1340 Smith Ave, Baltimore, MD, 21209",-76.649461,39.3682744,
20230930,7A,DMAC SECURITY LLC,1340 Smith Ave,Baltimore,MD,21209,Dogwood State Bank,57095,NA,5401 Six Forks Rd,RALEIGH,NC,27609,150000,75000,02/03/2022,2022,03/08/2022,SBA EXPRES,FA$TRK (Small Loan Express),6,120,561612,Security Guards and Patrol Services,,,BALTIMORE CITY,MD,BALTIMORE DISTRICT OFFICE,3,CORPORATION,Existing or more than 2 years old,EXEMPT,,,0,1,100,,"1340 Smith Ave, Baltimore, MD, 21209",-76.649461,39.3682744,
20230930,7A,IB Holdings Inc,1501 S Clinton St Suite 1300,Baltimore,MD,21224,First National Bank of Pennsylvania,7888,NA,166 Main St,GREENVILLE,PA,16125,1145600,859200,02/09/2022,2022,03/07/2022,OTH 7A,Guaranty,6,120,541310,Architectural Services,,,BALTIMORE CITY,MD,BALTIMORE DISTRICT OFFICE,2,CORPORATION,New Business or 2 years or less,EXEMPT,,,0,0,31,,"1501 S Clinton St Suite 1300, Baltimore, MD, 21224",-76.5689652,39.2754012,
20230930,7A,TJ Enterprise LLC,325 S. Dukeland St.,Baltimore,MD,21223,PCB Bank,57463,NA,"3701 Wilshire Blvd, Ste 900",LOS ANGELES,CA,90010,285000,213750,03/02/2022,2022,04/04/2022,PLP,Guaranty,5.5,300,424410,General Line Grocery Merchant Wholesalers,,,BALTIMORE CITY,MD,BALTIMORE DISTRICT OFFICE,3,CORPORATION,Existing or more than 2 years old,CANCLD,,,0,0,5,,"325 S. Dukeland St., Baltimore, MD, 21223",-76.6619082,39.2807287,
20230930,7A,Tusa Speciality Coffee LLC,6 WOODHOLME AVE,Baltimore,MD,21208,Firstrust Savings Bank,26647,NA,15 E Ridge Pike,CONSHOHOCKEN,PA,19428,350000,175000,03/08/2022,2022,05/02/2022,SBA EXPRES,FA$TRK (Small Loan Express),4.25,84,424990,Other Miscellaneous Nondurable Goods Merchant Wholesalers,,,BALTIMORE,MD,BALTIMORE DISTRICT OFFICE,2,CORPORATION,Existing or more than 2 years old,EXEMPT,,,0,0,1,,"6 WOODHOLME AVE, Baltimore, MD, 21208",-76.736826,39.3850769,
20230930,7A,Be More Innovations LLC,3315 Fait Ave,Baltimore,MD,21224,West Town Bank & Trust,28151,NA,7820 W 26th St,NORTH RIVERSIDE,IL,60546,100000,85000,03/09/2022,2022,03/15/2022,PLP,Guaranty,6,120,541511,Custom Computer Programming Services,,,BALTIMORE CITY,MD,BALTIMORE DISTRICT OFFICE,2,CORPORATION,Existing or more than 2 years old,EXEMPT,,,0,0,4,Y,"3315 Fait Ave, Baltimore, MD, 21224",-76.56930899999999,39.2833495,
20230930,7A,Rara 6 Inc.,1901 Edmondson Ave,Baltimore,MD,21223,PCB Bank,57463,NA,"3701 Wilshire Blvd, Ste 900",LOS ANGELES,CA,90010,550000,412500,04/12/2022,2022,05/04/2022,OTH 7A,Guaranty,5.5,192,445320,,,,BALTIMORE CITY,MD,BALTIMORE DISTRICT OFFICE,3,CORPORATION,New Business or 2 years or less,EXEMPT,,,0,0,6,Y,"1901 Edmondson Ave, Baltimore, MD, 21223",-76.6473967,39.2949722,
20230930,7A,idfive,"81 Mosher Street, 3rd Floor",Baltimore,MD,21217,Celtic Bank Corporation,57056,NA,"268 S State St, Ste 300",SALT LAKE CITY,UT,84111,3330000,2497500,04/29/2022,2022,05/05/2022,PLP,Guaranty,5.75,120,541613,Marketing Consulting Services,,,BALTIMORE CITY,MD,BALTIMORE DISTRICT OFFICE,7,CORPORATION,Change of Ownership,EXEMPT,,,0,0,35,Y,"81 Mosher Street, 3rd Floor, Baltimore, MD, 21217",-76.6220017,39.30955360000001,
20230930,7A,Dyson and Associates LLC,7703 EVERALL AVE,Baltimore,MD,21236,"TD Bank, National Association",18409,NA,2035 Limestone Rd,WILMINGTON,DE,19808,25000,12500,05/06/2022,2022,05/31/2022,SBA EXPRES,FA$TRK (Small Loan Express),10,120,524298,All Other Insurance Related Activities,,,BALTIMORE CITY,MD,BALTIMORE DISTRICT OFFICE,1,CORPORATION,New Business or 2 years or less,EXEMPT,,,0,1,1,,"7703 EVERALL AVE, Baltimore, MD, 21236",-76.531685,39.3651303,
20230930,7A,1 TRANSIT LLC,4208 PRUDENCE ST,Baltimore,MD,21226,Manufacturers and Traders Trust Company,588,NA,"One M & T Plaza, 15th Fl",BUFFALO,NY,14203,25000,12500,05/25/2022,2022,06/07/2022,SBA EXPRES,FA$TRK (Small Loan Express),8.75,120,492210,Local Messengers and Local Delivery,,,BALTIMORE CITY,MD,BALTIMORE DISTRICT OFFICE,2,CORPORATION,New Business or 2 years or less,EXEMPT,,,0,1,5,,"4208 PRUDENCE ST, Baltimore, MD, 21226",-76.5916783,39.2271995,
20230930,7A,Vo Cuisine LLC,802 Fleet Street,Baltimore,MD,21202,"Capital Bank, National Association",35278,NA,2275 Research Blvd Ste 600,ROCKVILLE,MD,20850,350000,262500,06/21/2022,2022,07/07/2022,OTH 7A,Guaranty,6.75,120,722511,Full-Service Restaurants,S0185,Bambu,BALTIMORE CITY,MD,BALTIMORE DISTRICT OFFICE,3,CORPORATION,"Startup, Loan Funds will Open Business",EXEMPT,,,0,0,10,,"802 Fleet Street, Baltimore, MD, 21202",-76.60180869999999,39.2843275,
20230930,7A,Raman Technologies Inc.,1 E Chase St #218,Baltimore,MD,21202,"Readycap Lending, LLC",NA,NA,200 Connell Drive,BERKELEY HEIGHTS,NJ,7922,350000,262500,06/27/2022,2022,07/07/2022,PLP,Guaranty,6.75,120,541519,Other Computer Related Services,,,BALTIMORE CITY,MD,BALTIMORE DISTRICT OFFICE,3,CORPORATION,Existing or more than 2 years old,EXEMPT,,,0,0,1,Y,"1 E Chase St #218, Baltimore, MD, 21202",-76.6157221,39.3021734,
20230930,7A,Park Heights Contractors LLC,15 SUDBROOK LN,Baltimore,MD,21208,Manufacturers and Traders Trust Company,588,NA,"One M & T Plaza, 15th Fl",BUFFALO,NY,14203,500000,250000,07/01/2022,2022,07/21/2022,SBA EXPRES,FA$TRK (Small Loan Express),6,120,238160,Roofing Contractors,,,BALTIMORE,MD,BALTIMORE DISTRICT OFFICE,2,CORPORATION,New Business or 2 years or less,EXEMPT,,,0,1,15,,"15 SUDBROOK LN, Baltimore, MD, 21208",-76.7244288,39.37302400000001,
20230930,7A,Checkerspot Brewing LLC,1421 Ridgely St,Baltimore,MD,21230,The Harbor Bank of Maryland,24015,NA,25 W Fayette St,BALTIMORE,MD,21201,3092400,2319300,07/25/2022,2022,08/16/2022,OTH 7A,Guaranty,5.5,300,312120,Breweries,,,BALTIMORE CITY,MD,BALTIMORE DISTRICT OFFICE,2,CORPORATION,Existing or more than 2 years old,EXEMPT,,,0,0,21,,"1421 Ridgely St, Baltimore, MD, 21230",-76.6269181,39.2757465,
20230930,7A,Adee's  LLC,1625  Fleet St.,Baltimore,MD,21231,"Fulton Bank, National Association",7551,NA,One Penn Sq,LANCASTER,PA,17602,40000,34000,07/27/2022,2022,08/05/2022,PLP,Guaranty,7.5,126,722515,Snack and Nonalcoholic Beverage Bars,,,BALTIMORE CITY,MD,BALTIMORE DISTRICT OFFICE,2,CORPORATION,"Startup, Loan Funds will Open Business",EXEMPT,,,0,0,7,,"1625  Fleet St., Baltimore, MD, 21231",-76.59414699999999,39.2844228,
20230930,7A,JRPage Enterprise Inc.,8560B Contractors Rd,Baltimore,MD,21237,Celtic Bank Corporation,57056,NA,"268 S State St, Ste 300",SALT LAKE CITY,UT,84111,342000,256500,09/26/2022,2022,09/30/2022,PLP,Guaranty,8.25,120,722310,Food Service Contractors,S0638,Filta Environmental Kitchen So,BALTIMORE,MD,BALTIMORE DISTRICT OFFICE,2,CORPORATION,Change of Ownership,EXEMPT,,,0,0,7,Y,"8560B Contractors Rd, Baltimore, MD, 21237",-76.4886973,39.3309664,
20230930,7A,CL Food Enterprises LLC,2329 Frederick Avenue,Baltimore,MD,21223,Dime Community Bank,6976,NA,2200 Montauk Hwy,BRIDGEHAMPTON,NY,11932,653000,489750,09/27/2022,2022,11/07/2022,PLP,Guaranty,7.75,120,722513,Limited-Service Restaurants,S0930,KFC,BALTIMORE CITY,MD,BALTIMORE DISTRICT OFFICE,3,CORPORATION,Change of Ownership,EXEMPT,,,0,0,25,Y,"2329 Frederick Avenue, Baltimore, MD, 21223",-76.65329630000001,39.284212,
20230930,7A,Jerry & Bruce LLC,600-606 Poplar Grove Street,Baltimore,MD,21223,PCB Bank,57463,NA,"3701 Wilshire Blvd, Ste 900",LOS ANGELES,CA,90010,260000,195000,10/20/2022,2023,11/04/2022,PLP,Guaranty,8.5,300,445320,,,,BALTIMORE CITY,MD,BALTIMORE DISTRICT OFFICE,3,CORPORATION,New Business or 2 years or less,EXEMPT,,,0,0,4,Y,"600-606 Poplar Grove Street, Baltimore, MD, 21223",-76.6648848,39.2939665,
20230930,7A,Fram Holdings LLC,7020 Reisterstown Road,Baltimore,MD,21215,Truist Bank,9846,NA,214 N Tryon St,CHARLOTTE,NC,28202,4449000,3336750,12/12/2022,2023,12/22/2022,PLP,Guaranty,7.75,120,459999,,,,BALTIMORE CITY,MD,BALTIMORE DISTRICT OFFICE,3,CORPORATION,New Business or 2 years or less,EXEMPT,,,0,0,12,,"7020 Reisterstown Road, Baltimore, MD, 21215",-76.7123898,39.36332040000001,
20230930,7A,Judy's Island Grill Canton LL,2300-2302 Boston Street,Baltimore,MD,21224,"Fulton Bank, National Association",7551,NA,One Penn Sq,LANCASTER,PA,17602,25000,12500,12/14/2022,2023,05/04/2023,SBA EXPRES,FA$TRK (Small Loan Express),9,120,722511,Full-Service Restaurants,,,BALTIMORE CITY,MD,BALTIMORE DISTRICT OFFICE,2,CORPORATION,New Business or 2 years or less,EXEMPT,,,0,1,20,,"2300-2302 Boston Street, Baltimore, MD, 21224",-76.5843252,39.2832757,
20230930,7A,Judy's Island Grill Canton LL,2300-2302 Boston Street,Baltimore,MD,21224,"Fulton Bank, National Association",7551,NA,One Penn Sq,LANCASTER,PA,17602,407600,305700,12/14/2022,2023,01/05/2023,PLP,Guaranty,9.75,304,722511,Full-Service Restaurants,,,BALTIMORE CITY,MD,BALTIMORE DISTRICT OFFICE,2,CORPORATION,New Business or 2 years or less,EXEMPT,,,0,0,20,Y,"2300-2302 Boston Street, Baltimore, MD, 21224",-76.5843252,39.2832757,
20230930,7A,Heartstrong LLC,126 S Arlington Avenue,Baltimore,MD,21223,CDC Small Business Finance Corporation,NA,NA,2448 Historic Decatur Road,San Diego,CA,92106,250000,187500,12/30/2022,2023,01/05/2023,CA,Community Advantage Initiative,11.75,120,621610,Home Health Care Services,S1198,Nurse Next Door,BALTIMORE CITY,MD,BALTIMORE DISTRICT OFFICE,3,CORPORATION,"Startup, Loan Funds will Open Business",CANCLD,,,0,0,6,,"126 S Arlington Avenue, Baltimore, MD, 21223",-76.6353269,39.286112,
20230930,7A,SHREEJI LOGISTICS Inc,6021 Bethlehem Blvd,Baltimore,MD,21219,Celtic Bank Corporation,57056,NA,"268 S State St, Ste 300",SALT LAKE CITY,UT,84111,821000,615750,01/19/2023,2023,02/07/2023,PLP,Guaranty,10.5,120,484110,"General Freight Trucking, Local",,,BALTIMORE,MD,BALTIMORE DISTRICT OFFICE,2,CORPORATION,Change of Ownership,EXEMPT,,,0,0,12,Y,"6021 Bethlehem Blvd, Baltimore, MD, 21219",-76.48679609999999,39.2356153,
20230930,7A,D.A.C.K. Transportation LLC,1429 Kent Rd,Baltimore,MD,21221,"Bank of America, National Association",3510,NA,"100 N Tryon St, Ste 170",CHARLOTTE,NC,28202,73900,36950,02/13/2023,2023,02/22/2023,SBA EXPRES,FA$TRK (Small Loan Express),9.120000000000001,180,484230,"Specialized Freight (except Used Goods) Trucking, Long-Distance",,,BALTIMORE,MD,BALTIMORE DISTRICT OFFICE,2,CORPORATION,Existing or more than 2 years old,EXEMPT,,,0,0,4,,"1429 Kent Rd, Baltimore, MD, 21221",-76.4406497,39.2877674,
20230930,7A,D.A.C.K. Transportation LLC,1429 Kent Rd,Baltimore,MD,21221,"Bank of America, National Association",3510,NA,"100 N Tryon St, Ste 170",CHARLOTTE,NC,28202,74000,37000,02/13/2023,2023,02/23/2023,SBA EXPRES,FA$TRK (Small Loan Express),9.120000000000001,180,484230,"Specialized Freight (except Used Goods) Trucking, Long-Distance",,,BALTIMORE,MD,BALTIMORE DISTRICT OFFICE,2,CORPORATION,Existing or more than 2 years old,EXEMPT,,,0,0,4,,"1429 Kent Rd, Baltimore, MD, 21221",-76.4406497,39.2877674,
20230930,7A,D.A.C.K. Transportation LLC,1429 Kent Rd,Baltimore,MD,21221,"Bank of America, National Association",3510,NA,"100 N Tryon St, Ste 170",CHARLOTTE,NC,28202,72500,36250,02/13/2023,2023,02/22/2023,SBA EXPRES,FA$TRK (Small Loan Express),9.120000000000001,180,484230,"Specialized Freight (except Used Goods) Trucking, Long-Distance",,,BALTIMORE,MD,BALTIMORE DISTRICT OFFICE,2,CORPORATION,Existing or more than 2 years old,EXEMPT,,,0,0,4,,"1429 Kent Rd, Baltimore, MD, 21221",-76.4406497,39.2877674,
20230930,7A,Dare-It Auto Center LLC,5420 Reisterstown Road,Baltimore,MD,21215,Univest Bank and Trust Co.,7759,NA,14 N Main St,SOUDERTON,PA,18964,150000,127500,03/27/2023,2023,05/15/2023,PLP,Guaranty,10.5,120,811111,General Automotive Repair,,,BALTIMORE CITY,MD,BALTIMORE DISTRICT OFFICE,3,CORPORATION,New Business or 2 years or less,EXEMPT,,,0,0,2,,"5420 Reisterstown Road, Baltimore, MD, 21215",-76.6892304,39.346528,
20230930,7A,RF Safety Laboratory LLC,5500 Normandy Place,Baltimore,MD,21210,Univest Bank and Trust Co.,7759,NA,14 N Main St,SOUDERTON,PA,18964,3000000,2250000,03/31/2023,2023,04/03/2023,PLP,Guaranty,10.5,180,541330,Engineering Services,,,BALTIMORE CITY,MD,BALTIMORE DISTRICT OFFICE,3,CORPORATION,"Startup, Loan Funds will Open Business",EXEMPT,,,0,0,5,,"5500 Normandy Place, Baltimore, MD, 21210",-76.6363068,39.3628181,
20230930,7A,souvlaki restaurant enterprise,1103 W 36th St,Baltimore,MD,21211,"Readycap Lending, LLC",NA,NA,200 Connell Drive,BERKELEY HEIGHTS,NJ,7922,866000,649500,04/11/2023,2023,04/25/2023,PLP,Guaranty,11,120,722511,Full-Service Restaurants,,,BALTIMORE CITY,MD,BALTIMORE DISTRICT OFFICE,3,CORPORATION,Existing or more than 2 years old,EXEMPT,,,0,0,13,Y,"1103 W 36th St, Baltimore, MD, 21211",-76.6339516,39.3309304,
20230930,7A,SACRE SUCRE LLC,933 Fell Street,Baltimore,MD,21231,"Fulton Bank, National Association",7551,NA,One Penn Sq,LANCASTER,PA,17602,25000,12500,04/13/2023,2023,07/24/2023,SBA EXPRES,FA$TRK (Small Loan Express),10,120,311811,Retail Bakeries,,,BALTIMORE CITY,MD,BALTIMORE DISTRICT OFFICE,2,CORPORATION,Existing or more than 2 years old,EXEMPT,,,0,1,10,,"933 Fell Street, Baltimore, MD, 21231",-76.58988880000001,39.2812188,
20230930,7A,SACRE SUCRE LLC,933 Fell Street,Baltimore,MD,21231,"Fulton Bank, National Association",7551,NA,One Penn Sq,LANCASTER,PA,17602,1520200,1140150,04/13/2023,2023,05/04/2023,PLP,Guaranty,10.75,300,311811,Retail Bakeries,,,BALTIMORE CITY,MD,BALTIMORE DISTRICT OFFICE,2,CORPORATION,Existing or more than 2 years old,EXEMPT,,,0,0,10,,"933 Fell Street, Baltimore, MD, 21231",-76.58988880000001,39.2812188,
20230930,7A,Costiera LLC,415 S. Central Ave.,Baltimore,MD,21202,"Fulton Bank, National Association",7551,NA,One Penn Sq,LANCASTER,PA,17602,313000,234750,05/31/2023,2023,,PLP,Guaranty,10.75,120,722511,Full-Service Restaurants,,,BALTIMORE CITY,MD,BALTIMORE DISTRICT OFFICE,3,CORPORATION,"Startup, Loan Funds will Open Business",COMMIT,,,0,0,18,,"415 S. Central Ave., Baltimore, MD, 21202",-76.5990003,39.2855772,
20230930,7A,SV Maiden Choice Inc.,1064 Maiden Choice Lane,Baltimore,MD,21229,PCB Bank,57463,NA,"3701 Wilshire Blvd, Ste 900",LOS ANGELES,CA,90010,961000,720750,06/09/2023,2023,07/06/2023,PLP,Guaranty,10.25,120,445320,,,,BALTIMORE,MD,BALTIMORE DISTRICT OFFICE,3,CORPORATION,New Business or 2 years or less,EXEMPT,,,0,0,3,,"1064 Maiden Choice Lane, Baltimore, MD, 21229",-76.6965365,39.2611485,
20230930,7A,Balm of Gilead Health and Well,5440 Belair Road,Baltimore,MD,21206,Point Breeze CU,NA,66585,11104 McCormick Rd,HUNT VALLEY,MD,21031,400000,300000,07/06/2023,2023,07/31/2023,OTH 7A,Guaranty,9.25,300,621399,Offices of All Other Miscellaneous Health Practitioners,,,BALTIMORE CITY,MD,BALTIMORE DISTRICT OFFICE,2,CORPORATION,Existing or more than 2 years old,EXEMPT,,,0,0,12,,"5440 Belair Road, Baltimore, MD, 21206",-76.5499295,39.3396125,
20230930,7A,Adee's LLC,1625 Fleet Street,Baltimore,MD,20706,"Fulton Bank, National Association",7551,NA,One Penn Sq,LANCASTER,PA,17602,25000,18750,07/24/2023,2023,,PLP,Guaranty,11,120,722515,Snack and Nonalcoholic Beverage Bars,,,PRINCE GEORGES,MD,WASHINGTON DISTRICT OFFICE,4,CORPORATION,"Startup, Loan Funds will Open Business",COMMIT,,,0,0,5,,"1625 Fleet Street, Baltimore, MD, 20706",-76.59414699999999,39.2844228,
20230930,7A,The Goode Doctor LLC,2404 St. Paul Street,Baltimore,MD,21218,Univest Bank and Trust Co.,7759,NA,14 N Main St,SOUDERTON,PA,18964,409000,306750,07/28/2023,2023,,PLP,Guaranty,10.25,300,621330,Offices of Mental Health Practitioners (except Physicians),,,BALTIMORE CITY,MD,BALTIMORE DISTRICT OFFICE,3,CORPORATION,Existing or more than 2 years old,COMMIT,,,0,0,6,,"2404 St. Paul Street, Baltimore, MD, 21218",-76.61553649999999,39.3165964,
20230930,7A,Brandonwood Boarding LLC,3001 Wilkens Ave,Baltimore,MD,21223,Univest Bank and Trust Co.,7759,NA,14 N Main St,SOUDERTON,PA,18964,400000,300000,07/31/2023,2023,08/01/2023,PLP,Guaranty,10.25,120,812910,Pet Care (except Veterinary) Services,,,BALTIMORE CITY,MD,BALTIMORE DISTRICT OFFICE,3,CORPORATION,Existing or more than 2 years old,EXEMPT,,,0,0,12,,"3001 Wilkens Ave, Baltimore, MD, 21223",-76.6667689,39.2751859,
20230930,7A,Siya LLC,2906-B Garrison Blvd,Baltimore,MD,21216,PCB Bank,57463,NA,"3701 Wilshire Blvd, Ste 900",LOS ANGELES,CA,90010,424000,318000,08/05/2023,2023,,PLP,Guaranty,10.75,120,445320,,,,BALTIMORE CITY,MD,BALTIMORE DISTRICT OFFICE,7,CORPORATION,New Business or 2 years or less,COMMIT,,,0,0,1,,"2906-B Garrison Blvd, Baltimore, MD, 21216",-76.67787299999999,39.320783,
20230930,7A,FROMMEYER ELECTRIC LLC,9521 FULLER AVE,Baltimore,MD,21234,Manufacturers and Traders Trust Company,588,NA,"One M & T Plaza, 15th Fl",BUFFALO,NY,14203,10000,5000,08/25/2023,2023,,SBA EXPRES,FA$TRK (Small Loan Express),15,120,238210,Electrical Contractors,,,BALTIMORE,MD,BALTIMORE DISTRICT OFFICE,1,CORPORATION,Existing or more than 2 years old,COMMIT,,,0,1,2,,"9521 FULLER AVE, Baltimore, MD, 21234",-76.5187225,39.3929237,
20230930,7A,Capitol Floor Preparations Inc,7400 Philadelphia Rd,Baltimore,MD,21237,"Fulton Bank, National Association",7551,NA,One Penn Sq,LANCASTER,PA,17602,962000,721500,09/27/2023,2023,,PLP,Guaranty,10.5,120,238330,Flooring Contractors,,,BALTIMORE,MD,BALTIMORE DISTRICT OFFICE,2,CORPORATION,Existing or more than 2 years old,COMMIT,,,0,0,8,,"7400 Philadelphia Rd, Baltimore, MD, 21237",-76.5271921,39.3120078,
20230930,7A,PICKLEBALL HOUSE LLC,1330 INNOVATION ST SUITES A-,Baltimore,MD,21220,Manufacturers and Traders Trust Company,588,NA,"One M & T Plaza, 15th Fl",BUFFALO,NY,14203,100000,50000,09/27/2023,2023,,SBA EXPRES,FA$TRK (Small Loan Express),11.5,120,611620,Sports and Recreation Instruction,,,BALTIMORE,MD,BALTIMORE DISTRICT OFFICE,2,CORPORATION,New Business or 2 years or less,COMMIT,,,0,1,12,,"1330 INNOVATION ST SUITES A-, Baltimore, MD, 21220",-76.418593,39.3481949,
